file_name,label
849_Sports,Sports
546_Kitchen,Kitchen
251_Beauty,Beauty
35_Kitchen,Kitchen
348_Sports,Sports
627_Beauty,Beauty
529_Sports,Sports
677_Electronics,Electronics
859_Beauty,Beauty
822_Kitchen,Kitchen
488_Electronics,Electronics
573_Electronics,Electronics
115_Kitchen,Kitchen
59_Beauty,Beauty
490_Beauty,Beauty
607_Kitchen,Kitchen
367_Sports,Sports
699_Beauty,Beauty
739_Beauty,Beauty
91_Sports,Sports
924_Kitchen,Kitchen
966_Electronics,Electronics
765_Sports,Sports
666_Electronics,Electronics
937_Kitchen,Kitchen
180_Sports,Sports
216_Electronics,Electronics
665_Beauty,Beauty
444_Kitchen,Kitchen
832_Kitchen,Kitchen
839_Electronics,Electronics
212_Kitchen,Kitchen
926_Kitchen,Kitchen
559_Electronics,Electronics
888_Sports,Sports
554_Beauty,Beauty
726_Kitchen,Kitchen
83_Sports,Sports
898_Beauty,Beauty
582_Electronics,Electronics
69_Electronics,Electronics
954_Beauty,Beauty
843_Electronics,Electronics
983_Beauty,Beauty
782_Kitchen,Kitchen
362_Electronics,Electronics
818_Electronics,Electronics
160_Beauty,Beauty
399_Electronics,Electronics
723_Kitchen,Kitchen
971_Beauty,Beauty
964_Sports,Sports
656_Sports,Sports
270_Electronics,Electronics
961_Electronics,Electronics
402_Sports,Sports
423_Electronics,Electronics
431_Electronics,Electronics
724_Electronics,Electronics
324_Electronics,Electronics
473_Sports,Sports
992_Electronics,Electronics
386_Sports,Sports
15_Beauty,Beauty
896_Kitchen,Kitchen
101_Beauty,Beauty
376_Electronics,Electronics
388_Beauty,Beauty
878_Sports,Sports
921_Electronics,Electronics
970_Beauty,Beauty
401_Beauty,Beauty
824_Sports,Sports
149_Sports,Sports
772_Kitchen,Kitchen
896_Sports,Sports
349_Kitchen,Kitchen
903_Kitchen,Kitchen
987_Kitchen,Kitchen
374_Sports,Sports
524_Kitchen,Kitchen
904_Sports,Sports
515_Kitchen,Kitchen
548_Electronics,Electronics
621_Kitchen,Kitchen
423_Kitchen,Kitchen
225_Kitchen,Kitchen
43_Sports,Sports
905_Sports,Sports
904_Kitchen,Kitchen
80_Electronics,Electronics
944_Electronics,Electronics
335_Kitchen,Kitchen
680_Beauty,Beauty
115_Beauty,Beauty
298_Kitchen,Kitchen
751_Beauty,Beauty
97_Kitchen,Kitchen
39_Kitchen,Kitchen
36_Kitchen,Kitchen
852_Kitchen,Kitchen
494_Electronics,Electronics
263_Kitchen,Kitchen
334_Kitchen,Kitchen
487_Kitchen,Kitchen
466_Sports,Sports
256_Sports,Sports
594_Electronics,Electronics
712_Electronics,Electronics
833_Kitchen,Kitchen
804_Kitchen,Kitchen
823_Sports,Sports
206_Kitchen,Kitchen
733_Kitchen,Kitchen
689_Kitchen,Kitchen
786_Beauty,Beauty
836_Electronics,Electronics
844_Beauty,Beauty
920_Beauty,Beauty
944_Kitchen,Kitchen
292_Beauty,Beauty
271_Sports,Sports
401_Sports,Sports
546_Sports,Sports
847_Beauty,Beauty
872_Electronics,Electronics
213_Kitchen,Kitchen
120_Beauty,Beauty
300_Electronics,Electronics
250_Electronics,Electronics
999_Sports,Sports
246_Beauty,Beauty
480_Kitchen,Kitchen
49_Sports,Sports
231_Electronics,Electronics
372_Sports,Sports
563_Kitchen,Kitchen
738_Kitchen,Kitchen
744_Kitchen,Kitchen
764_Kitchen,Kitchen
683_Beauty,Beauty
956_Sports,Sports
761_Kitchen,Kitchen
86_Sports,Sports
526_Beauty,Beauty
891_Beauty,Beauty
330_Kitchen,Kitchen
547_Sports,Sports
277_Electronics,Electronics
252_Kitchen,Kitchen
651_Electronics,Electronics
386_Electronics,Electronics
110_Beauty,Beauty
392_Kitchen,Kitchen
563_Electronics,Electronics
156_Kitchen,Kitchen
31_Electronics,Electronics
533_Sports,Sports
214_Sports,Sports
523_Sports,Sports
339_Beauty,Beauty
430_Kitchen,Kitchen
112_Sports,Sports
656_Electronics,Electronics
122_Electronics,Electronics
682_Beauty,Beauty
463_Electronics,Electronics
284_Sports,Sports
670_Kitchen,Kitchen
40_Sports,Sports
175_Kitchen,Kitchen
345_Kitchen,Kitchen
425_Sports,Sports
586_Beauty,Beauty
607_Beauty,Beauty
633_Sports,Sports
961_Kitchen,Kitchen
306_Beauty,Beauty
314_Electronics,Electronics
365_Kitchen,Kitchen
188_Kitchen,Kitchen
565_Beauty,Beauty
926_Electronics,Electronics
674_Electronics,Electronics
337_Sports,Sports
483_Beauty,Beauty
767_Kitchen,Kitchen
943_Beauty,Beauty
544_Kitchen,Kitchen
781_Electronics,Electronics
567_Kitchen,Kitchen
218_Beauty,Beauty
517_Beauty,Beauty
558_Electronics,Electronics
507_Electronics,Electronics
596_Kitchen,Kitchen
906_Electronics,Electronics
146_Sports,Sports
86_Kitchen,Kitchen
821_Beauty,Beauty
966_Sports,Sports
889_Sports,Sports
738_Sports,Sports
656_Kitchen,Kitchen
794_Kitchen,Kitchen
419_Beauty,Beauty
148_Beauty,Beauty
983_Electronics,Electronics
439_Beauty,Beauty
67_Sports,Sports
176_Kitchen,Kitchen
474_Kitchen,Kitchen
748_Kitchen,Kitchen
377_Sports,Sports
593_Electronics,Electronics
623_Kitchen,Kitchen
685_Beauty,Beauty
760_Beauty,Beauty
416_Kitchen,Kitchen
807_Beauty,Beauty
147_Sports,Sports
126_Kitchen,Kitchen
435_Electronics,Electronics
770_Beauty,Beauty
363_Electronics,Electronics
465_Sports,Sports
157_Kitchen,Kitchen
484_Kitchen,Kitchen
53_Kitchen,Kitchen
501_Sports,Sports
851_Sports,Sports
964_Kitchen,Kitchen
184_Sports,Sports
869_Beauty,Beauty
890_Kitchen,Kitchen
475_Beauty,Beauty
772_Electronics,Electronics
947_Electronics,Electronics
487_Beauty,Beauty
718_Electronics,Electronics
128_Beauty,Beauty
278_Beauty,Beauty
690_Electronics,Electronics
95_Electronics,Electronics
990_Kitchen,Kitchen
365_Sports,Sports
459_Sports,Sports
833_Electronics,Electronics
470_Beauty,Beauty
938_Sports,Sports
754_Sports,Sports
568_Kitchen,Kitchen
92_Sports,Sports
750_Sports,Sports
535_Beauty,Beauty
517_Electronics,Electronics
577_Kitchen,Kitchen
66_Beauty,Beauty
154_Beauty,Beauty
36_Beauty,Beauty
74_Electronics,Electronics
425_Electronics,Electronics
487_Electronics,Electronics
973_Beauty,Beauty
127_Kitchen,Kitchen
865_Beauty,Beauty
243_Beauty,Beauty
650_Sports,Sports
780_Electronics,Electronics
12_Beauty,Beauty
256_Kitchen,Kitchen
726_Electronics,Electronics
901_Kitchen,Kitchen
829_Kitchen,Kitchen
820_Electronics,Electronics
739_Sports,Sports
919_Beauty,Beauty
136_Beauty,Beauty
634_Sports,Sports
812_Kitchen,Kitchen
924_Sports,Sports
574_Kitchen,Kitchen
632_Sports,Sports
13_Sports,Sports
48_Kitchen,Kitchen
693_Electronics,Electronics
228_Kitchen,Kitchen
498_Kitchen,Kitchen
794_Sports,Sports
470_Kitchen,Kitchen
266_Kitchen,Kitchen
45_Kitchen,Kitchen
642_Electronics,Electronics
841_Kitchen,Kitchen
871_Beauty,Beauty
181_Beauty,Beauty
424_Kitchen,Kitchen
509_Kitchen,Kitchen
365_Beauty,Beauty
421_Electronics,Electronics
714_Kitchen,Kitchen
632_Electronics,Electronics
499_Electronics,Electronics
693_Beauty,Beauty
80_Kitchen,Kitchen
128_Electronics,Electronics
991_Kitchen,Kitchen
126_Beauty,Beauty
493_Sports,Sports
398_Beauty,Beauty
69_Sports,Sports
675_Beauty,Beauty
679_Sports,Sports
319_Sports,Sports
117_Kitchen,Kitchen
460_Beauty,Beauty
366_Sports,Sports
871_Sports,Sports
26_Beauty,Beauty
244_Electronics,Electronics
145_Beauty,Beauty
834_Beauty,Beauty
166_Electronics,Electronics
170_Electronics,Electronics
302_Sports,Sports
419_Sports,Sports
46_Kitchen,Kitchen
227_Sports,Sports
615_Electronics,Electronics
627_Sports,Sports
423_Sports,Sports
895_Beauty,Beauty
442_Electronics,Electronics
49_Beauty,Beauty
622_Electronics,Electronics
90_Beauty,Beauty
631_Sports,Sports
10_Kitchen,Kitchen
578_Kitchen,Kitchen
169_Sports,Sports
984_Kitchen,Kitchen
10_Beauty,Beauty
12_Sports,Sports
273_Kitchen,Kitchen
356_Kitchen,Kitchen
446_Kitchen,Kitchen
686_Electronics,Electronics
777_Kitchen,Kitchen
976_Electronics,Electronics
195_Electronics,Electronics
598_Sports,Sports
842_Sports,Sports
27_Beauty,Beauty
79_Beauty,Beauty
102_Sports,Sports
374_Electronics,Electronics
421_Sports,Sports
740_Beauty,Beauty
612_Sports,Sports
247_Beauty,Beauty
277_Beauty,Beauty
963_Sports,Sports
10_Electronics,Electronics
38_Sports,Sports
358_Beauty,Beauty
213_Beauty,Beauty
220_Kitchen,Kitchen
545_Kitchen,Kitchen
966_Beauty,Beauty
493_Kitchen,Kitchen
979_Sports,Sports
50_Kitchen,Kitchen
817_Kitchen,Kitchen
649_Kitchen,Kitchen
380_Electronics,Electronics
129_Sports,Sports
784_Beauty,Beauty
239_Sports,Sports
907_Electronics,Electronics
362_Sports,Sports
446_Sports,Sports
372_Kitchen,Kitchen
643_Kitchen,Kitchen
678_Beauty,Beauty
729_Sports,Sports
349_Sports,Sports
134_Electronics,Electronics
653_Beauty,Beauty
836_Kitchen,Kitchen
228_Sports,Sports
553_Beauty,Beauty
916_Beauty,Beauty
761_Sports,Sports
103_Sports,Sports
803_Kitchen,Kitchen
88_Sports,Sports
975_Electronics,Electronics
497_Beauty,Beauty
707_Sports,Sports
228_Beauty,Beauty
745_Sports,Sports
207_Kitchen,Kitchen
844_Kitchen,Kitchen
91_Kitchen,Kitchen
98_Sports,Sports
641_Sports,Sports
574_Beauty,Beauty
52_Electronics,Electronics
339_Kitchen,Kitchen
568_Electronics,Electronics
382_Beauty,Beauty
715_Kitchen,Kitchen
361_Sports,Sports
71_Beauty,Beauty
811_Beauty,Beauty
109_Sports,Sports
780_Beauty,Beauty
731_Beauty,Beauty
87_Electronics,Electronics
892_Sports,Sports
525_Beauty,Beauty
511_Kitchen,Kitchen
556_Kitchen,Kitchen
7_Kitchen,Kitchen
810_Electronics,Electronics
866_Beauty,Beauty
866_Kitchen,Kitchen
382_Sports,Sports
817_Beauty,Beauty
329_Electronics,Electronics
749_Electronics,Electronics
746_Sports,Sports
479_Beauty,Beauty
75_Beauty,Beauty
60_Electronics,Electronics
447_Beauty,Beauty
987_Sports,Sports
42_Electronics,Electronics
163_Beauty,Beauty
586_Kitchen,Kitchen
61_Electronics,Electronics
748_Beauty,Beauty
768_Beauty,Beauty
232_Kitchen,Kitchen
511_Beauty,Beauty
914_Beauty,Beauty
30_Kitchen,Kitchen
881_Electronics,Electronics
589_Sports,Sports
286_Beauty,Beauty
723_Beauty,Beauty
112_Kitchen,Kitchen
913_Kitchen,Kitchen
548_Sports,Sports
234_Sports,Sports
535_Kitchen,Kitchen
493_Beauty,Beauty
655_Electronics,Electronics
324_Kitchen,Kitchen
486_Sports,Sports
54_Sports,Sports
327_Sports,Sports
289_Beauty,Beauty
209_Electronics,Electronics
629_Beauty,Beauty
735_Beauty,Beauty
94_Kitchen,Kitchen
220_Sports,Sports
978_Beauty,Beauty
992_Beauty,Beauty
981_Sports,Sports
873_Sports,Sports
696_Electronics,Electronics
446_Electronics,Electronics
642_Sports,Sports
445_Sports,Sports
16_Kitchen,Kitchen
717_Kitchen,Kitchen
472_Kitchen,Kitchen
914_Electronics,Electronics
266_Electronics,Electronics
509_Electronics,Electronics
776_Electronics,Electronics
82_Beauty,Beauty
696_Sports,Sports
88_Electronics,Electronics
404_Electronics,Electronics
497_Kitchen,Kitchen
529_Beauty,Beauty
745_Beauty,Beauty
157_Electronics,Electronics
422_Kitchen,Kitchen
926_Beauty,Beauty
179_Beauty,Beauty
362_Kitchen,Kitchen
712_Kitchen,Kitchen
853_Kitchen,Kitchen
931_Sports,Sports
239_Beauty,Beauty
223_Electronics,Electronics
474_Sports,Sports
104_Beauty,Beauty
463_Beauty,Beauty
708_Beauty,Beauty
999_Kitchen,Kitchen
634_Beauty,Beauty
127_Electronics,Electronics
789_Sports,Sports
45_Beauty,Beauty
264_Kitchen,Kitchen
431_Beauty,Beauty
576_Kitchen,Kitchen
613_Beauty,Beauty
344_Kitchen,Kitchen
95_Beauty,Beauty
381_Kitchen,Kitchen
492_Electronics,Electronics
649_Beauty,Beauty
730_Electronics,Electronics
953_Kitchen,Kitchen
242_Sports,Sports
709_Kitchen,Kitchen
865_Electronics,Electronics
623_Beauty,Beauty
259_Beauty,Beauty
514_Beauty,Beauty
283_Beauty,Beauty
345_Sports,Sports
86_Beauty,Beauty
40_Beauty,Beauty
299_Kitchen,Kitchen
292_Electronics,Electronics
80_Beauty,Beauty
62_Kitchen,Kitchen
85_Electronics,Electronics
3_Electronics,Electronics
830_Sports,Sports
111_Beauty,Beauty
45_Sports,Sports
312_Beauty,Beauty
999_Beauty,Beauty
253_Sports,Sports
482_Beauty,Beauty
374_Beauty,Beauty
175_Sports,Sports
260_Electronics,Electronics
350_Sports,Sports
665_Sports,Sports
688_Kitchen,Kitchen
416_Beauty,Beauty
695_Electronics,Electronics
309_Kitchen,Kitchen
36_Electronics,Electronics
176_Electronics,Electronics
754_Beauty,Beauty
652_Beauty,Beauty
565_Electronics,Electronics
952_Electronics,Electronics
899_Beauty,Beauty
100_Electronics,Electronics
929_Beauty,Beauty
509_Sports,Sports
666_Beauty,Beauty
846_Sports,Sports
927_Electronics,Electronics
70_Sports,Sports
855_Kitchen,Kitchen
777_Beauty,Beauty
847_Kitchen,Kitchen
609_Beauty,Beauty
321_Sports,Sports
549_Sports,Sports
150_Electronics,Electronics
60_Sports,Sports
575_Electronics,Electronics
737_Sports,Sports
94_Sports,Sports
219_Sports,Sports
977_Kitchen,Kitchen
286_Sports,Sports
115_Sports,Sports
637_Electronics,Electronics
510_Electronics,Electronics
589_Beauty,Beauty
851_Kitchen,Kitchen
616_Electronics,Electronics
628_Sports,Sports
456_Electronics,Electronics
510_Sports,Sports
837_Electronics,Electronics
931_Kitchen,Kitchen
881_Kitchen,Kitchen
800_Beauty,Beauty
942_Electronics,Electronics
846_Electronics,Electronics
523_Beauty,Beauty
336_Sports,Sports
149_Kitchen,Kitchen
290_Sports,Sports
716_Kitchen,Kitchen
882_Sports,Sports
655_Sports,Sports
624_Electronics,Electronics
989_Kitchen,Kitchen
662_Beauty,Beauty
309_Electronics,Electronics
682_Kitchen,Kitchen
611_Beauty,Beauty
979_Electronics,Electronics
980_Beauty,Beauty
700_Kitchen,Kitchen
139_Sports,Sports
691_Sports,Sports
113_Kitchen,Kitchen
490_Kitchen,Kitchen
600_Kitchen,Kitchen
859_Electronics,Electronics
445_Electronics,Electronics
597_Sports,Sports
163_Sports,Sports
861_Beauty,Beauty
371_Sports,Sports
521_Beauty,Beauty
824_Beauty,Beauty
418_Sports,Sports
960_Beauty,Beauty
135_Kitchen,Kitchen
328_Sports,Sports
569_Sports,Sports
130_Sports,Sports
376_Sports,Sports
140_Beauty,Beauty
189_Kitchen,Kitchen
30_Electronics,Electronics
449_Sports,Sports
459_Kitchen,Kitchen
57_Beauty,Beauty
359_Beauty,Beauty
397_Electronics,Electronics
87_Kitchen,Kitchen
402_Electronics,Electronics
177_Beauty,Beauty
400_Kitchen,Kitchen
686_Kitchen,Kitchen
792_Sports,Sports
329_Sports,Sports
602_Kitchen,Kitchen
587_Kitchen,Kitchen
12_Electronics,Electronics
686_Beauty,Beauty
733_Electronics,Electronics
430_Beauty,Beauty
22_Sports,Sports
677_Sports,Sports
678_Sports,Sports
457_Sports,Sports
985_Sports,Sports
435_Kitchen,Kitchen
270_Beauty,Beauty
631_Electronics,Electronics
318_Sports,Sports
293_Beauty,Beauty
454_Electronics,Electronics
120_Sports,Sports
106_Kitchen,Kitchen
594_Beauty,Beauty
483_Electronics,Electronics
281_Kitchen,Kitchen
694_Electronics,Electronics
827_Kitchen,Kitchen
546_Electronics,Electronics
908_Electronics,Electronics
334_Beauty,Beauty
479_Sports,Sports
104_Sports,Sports
268_Sports,Sports
962_Beauty,Beauty
204_Sports,Sports
865_Sports,Sports
44_Kitchen,Kitchen
662_Sports,Sports
870_Electronics,Electronics
201_Kitchen,Kitchen
879_Beauty,Beauty
183_Beauty,Beauty
793_Beauty,Beauty
911_Beauty,Beauty
728_Beauty,Beauty
196_Electronics,Electronics
23_Beauty,Beauty
450_Beauty,Beauty
379_Electronics,Electronics
79_Electronics,Electronics
37_Sports,Sports
34_Electronics,Electronics
883_Electronics,Electronics
379_Kitchen,Kitchen
764_Sports,Sports
534_Electronics,Electronics
990_Electronics,Electronics
702_Sports,Sports
829_Sports,Sports
410_Kitchen,Kitchen
485_Electronics,Electronics
20_Beauty,Beauty
947_Beauty,Beauty
325_Kitchen,Kitchen
847_Electronics,Electronics
897_Electronics,Electronics
169_Electronics,Electronics
385_Sports,Sports
519_Beauty,Beauty
111_Kitchen,Kitchen
381_Sports,Sports
880_Kitchen,Kitchen
279_Electronics,Electronics
940_Kitchen,Kitchen
237_Sports,Sports
462_Kitchen,Kitchen
93_Electronics,Electronics
601_Beauty,Beauty
598_Electronics,Electronics
579_Sports,Sports
735_Electronics,Electronics
110_Electronics,Electronics
736_Electronics,Electronics
8_Sports,Sports
612_Beauty,Beauty
179_Electronics,Electronics
244_Kitchen,Kitchen
570_Sports,Sports
266_Beauty,Beauty
263_Sports,Sports
864_Sports,Sports
89_Sports,Sports
585_Sports,Sports
940_Electronics,Electronics
831_Electronics,Electronics
902_Sports,Sports
103_Kitchen,Kitchen
178_Electronics,Electronics
896_Beauty,Beauty
995_Beauty,Beauty
610_Beauty,Beauty
505_Beauty,Beauty
86_Electronics,Electronics
254_Sports,Sports
98_Electronics,Electronics
96_Beauty,Beauty
832_Beauty,Beauty
29_Kitchen,Kitchen
185_Sports,Sports
287_Kitchen,Kitchen
257_Beauty,Beauty
930_Beauty,Beauty
771_Kitchen,Kitchen
277_Kitchen,Kitchen
13_Kitchen,Kitchen
351_Sports,Sports
213_Sports,Sports
454_Sports,Sports
648_Beauty,Beauty
922_Beauty,Beauty
683_Sports,Sports
252_Beauty,Beauty
30_Beauty,Beauty
746_Kitchen,Kitchen
481_Electronics,Electronics
201_Sports,Sports
547_Kitchen,Kitchen
639_Sports,Sports
838_Electronics,Electronics
193_Electronics,Electronics
826_Electronics,Electronics
927_Kitchen,Kitchen
906_Beauty,Beauty
910_Kitchen,Kitchen
244_Sports,Sports
253_Beauty,Beauty
244_Beauty,Beauty
835_Beauty,Beauty
1_Electronics,Electronics
778_Sports,Sports
2_Electronics,Electronics
494_Sports,Sports
873_Electronics,Electronics
107_Sports,Sports
669_Beauty,Beauty
584_Kitchen,Kitchen
727_Kitchen,Kitchen
810_Sports,Sports
858_Kitchen,Kitchen
872_Sports,Sports
282_Kitchen,Kitchen
711_Sports,Sports
759_Beauty,Beauty
705_Beauty,Beauty
927_Beauty,Beauty
383_Electronics,Electronics
988_Beauty,Beauty
976_Sports,Sports
363_Sports,Sports
97_Sports,Sports
733_Beauty,Beauty
804_Electronics,Electronics
673_Beauty,Beauty
145_Sports,Sports
43_Electronics,Electronics
469_Sports,Sports
336_Electronics,Electronics
915_Sports,Sports
4_Electronics,Electronics
206_Electronics,Electronics
443_Sports,Sports
535_Sports,Sports
291_Electronics,Electronics
387_Sports,Sports
13_Electronics,Electronics
61_Beauty,Beauty
352_Sports,Sports
827_Beauty,Beauty
190_Sports,Sports
224_Beauty,Beauty
865_Kitchen,Kitchen
447_Kitchen,Kitchen
876_Electronics,Electronics
598_Beauty,Beauty
638_Electronics,Electronics
141_Sports,Sports
840_Electronics,Electronics
501_Beauty,Beauty
34_Beauty,Beauty
375_Electronics,Electronics
717_Beauty,Beauty
77_Kitchen,Kitchen
959_Sports,Sports
393_Sports,Sports
309_Sports,Sports
465_Beauty,Beauty
188_Beauty,Beauty
122_Beauty,Beauty
571_Electronics,Electronics
751_Electronics,Electronics
428_Beauty,Beauty
39_Sports,Sports
241_Electronics,Electronics
530_Sports,Sports
453_Electronics,Electronics
563_Beauty,Beauty
424_Beauty,Beauty
486_Beauty,Beauty
524_Beauty,Beauty
956_Beauty,Beauty
997_Electronics,Electronics
796_Kitchen,Kitchen
246_Kitchen,Kitchen
636_Electronics,Electronics
236_Sports,Sports
860_Electronics,Electronics
856_Beauty,Beauty
992_Kitchen,Kitchen
136_Sports,Sports
243_Sports,Sports
264_Electronics,Electronics
551_Kitchen,Kitchen
51_Kitchen,Kitchen
832_Sports,Sports
415_Sports,Sports
205_Beauty,Beauty
769_Electronics,Electronics
595_Beauty,Beauty
883_Sports,Sports
118_Kitchen,Kitchen
196_Sports,Sports
447_Sports,Sports
510_Beauty,Beauty
174_Beauty,Beauty
263_Electronics,Electronics
304_Sports,Sports
882_Electronics,Electronics
368_Electronics,Electronics
624_Beauty,Beauty
940_Sports,Sports
751_Kitchen,Kitchen
123_Beauty,Beauty
660_Sports,Sports
864_Beauty,Beauty
601_Electronics,Electronics
4_Sports,Sports
379_Beauty,Beauty
842_Kitchen,Kitchen
254_Beauty,Beauty
887_Electronics,Electronics
964_Beauty,Beauty
935_Sports,Sports
171_Electronics,Electronics
678_Electronics,Electronics
604_Sports,Sports
714_Sports,Sports
45_Electronics,Electronics
755_Electronics,Electronics
755_Sports,Sports
973_Electronics,Electronics
933_Beauty,Beauty
581_Sports,Sports
985_Kitchen,Kitchen
789_Beauty,Beauty
566_Beauty,Beauty
869_Kitchen,Kitchen
56_Beauty,Beauty
165_Electronics,Electronics
993_Electronics,Electronics
292_Sports,Sports
435_Beauty,Beauty
674_Kitchen,Kitchen
150_Kitchen,Kitchen
193_Sports,Sports
257_Electronics,Electronics
42_Kitchen,Kitchen
281_Electronics,Electronics
571_Beauty,Beauty
545_Electronics,Electronics
461_Kitchen,Kitchen
127_Sports,Sports
505_Sports,Sports
77_Beauty,Beauty
238_Sports,Sports
351_Beauty,Beauty
565_Sports,Sports
689_Electronics,Electronics
889_Electronics,Electronics
904_Beauty,Beauty
910_Electronics,Electronics
955_Sports,Sports
556_Electronics,Electronics
578_Electronics,Electronics
638_Kitchen,Kitchen
63_Kitchen,Kitchen
803_Electronics,Electronics
358_Electronics,Electronics
134_Kitchen,Kitchen
368_Sports,Sports
283_Electronics,Electronics
463_Sports,Sports
592_Sports,Sports
649_Electronics,Electronics
44_Beauty,Beauty
966_Kitchen,Kitchen
516_Electronics,Electronics
393_Beauty,Beauty
388_Kitchen,Kitchen
532_Electronics,Electronics
862_Sports,Sports
170_Beauty,Beauty
785_Sports,Sports
492_Sports,Sports
955_Electronics,Electronics
376_Beauty,Beauty
637_Beauty,Beauty
574_Sports,Sports
901_Electronics,Electronics
368_Beauty,Beauty
519_Kitchen,Kitchen
968_Sports,Sports
396_Sports,Sports
861_Kitchen,Kitchen
142_Kitchen,Kitchen
857_Beauty,Beauty
184_Electronics,Electronics
798_Electronics,Electronics
908_Beauty,Beauty
729_Beauty,Beauty
470_Electronics,Electronics
310_Kitchen,Kitchen
259_Sports,Sports
298_Electronics,Electronics
883_Beauty,Beauty
7_Sports,Sports
546_Beauty,Beauty
451_Kitchen,Kitchen
668_Beauty,Beauty
527_Electronics,Electronics
697_Beauty,Beauty
888_Beauty,Beauty
840_Sports,Sports
799_Electronics,Electronics
32_Electronics,Electronics
811_Electronics,Electronics
533_Electronics,Electronics
911_Kitchen,Kitchen
837_Sports,Sports
302_Kitchen,Kitchen
547_Electronics,Electronics
828_Kitchen,Kitchen
763_Electronics,Electronics
1_Kitchen,Kitchen
967_Electronics,Electronics
698_Beauty,Beauty
870_Beauty,Beauty
483_Sports,Sports
624_Sports,Sports
359_Sports,Sports
73_Sports,Sports
320_Sports,Sports
414_Electronics,Electronics
759_Electronics,Electronics
624_Kitchen,Kitchen
968_Electronics,Electronics
290_Electronics,Electronics
996_Beauty,Beauty
434_Sports,Sports
702_Beauty,Beauty
368_Kitchen,Kitchen
854_Electronics,Electronics
16_Sports,Sports
230_Electronics,Electronics
866_Sports,Sports
976_Beauty,Beauty
426_Electronics,Electronics
232_Electronics,Electronics
323_Electronics,Electronics
491_Kitchen,Kitchen
146_Beauty,Beauty
239_Kitchen,Kitchen
272_Beauty,Beauty
112_Beauty,Beauty
668_Kitchen,Kitchen
716_Beauty,Beauty
868_Sports,Sports
107_Beauty,Beauty
5_Beauty,Beauty
24_Beauty,Beauty
141_Electronics,Electronics
273_Beauty,Beauty
685_Electronics,Electronics
258_Beauty,Beauty
665_Electronics,Electronics
737_Beauty,Beauty
68_Beauty,Beauty
407_Kitchen,Kitchen
923_Electronics,Electronics
159_Kitchen,Kitchen
65_Sports,Sports
932_Beauty,Beauty
187_Sports,Sports
293_Electronics,Electronics
333_Beauty,Beauty
427_Electronics,Electronics
670_Sports,Sports
356_Beauty,Beauty
439_Sports,Sports
709_Sports,Sports
906_Sports,Sports
367_Electronics,Electronics
66_Sports,Sports
74_Beauty,Beauty
891_Sports,Sports
306_Electronics,Electronics
701_Kitchen,Kitchen
685_Kitchen,Kitchen
701_Beauty,Beauty
125_Electronics,Electronics
335_Sports,Sports
285_Electronics,Electronics
452_Sports,Sports
172_Sports,Sports
386_Kitchen,Kitchen
973_Sports,Sports
215_Beauty,Beauty
430_Electronics,Electronics
672_Electronics,Electronics
167_Sports,Sports
208_Kitchen,Kitchen
253_Electronics,Electronics
68_Sports,Sports
62_Sports,Sports
441_Electronics,Electronics
916_Kitchen,Kitchen
935_Electronics,Electronics
226_Beauty,Beauty
647_Beauty,Beauty
849_Beauty,Beauty
959_Electronics,Electronics
713_Electronics,Electronics
153_Beauty,Beauty
698_Electronics,Electronics
217_Kitchen,Kitchen
599_Electronics,Electronics
370_Beauty,Beauty
726_Beauty,Beauty
645_Kitchen,Kitchen
798_Kitchen,Kitchen
182_Electronics,Electronics
975_Beauty,Beauty
110_Sports,Sports
744_Sports,Sports
889_Kitchen,Kitchen
3_Beauty,Beauty
338_Electronics,Electronics
498_Sports,Sports
77_Sports,Sports
385_Beauty,Beauty
533_Kitchen,Kitchen
552_Sports,Sports
975_Sports,Sports
148_Sports,Sports
71_Electronics,Electronics
212_Beauty,Beauty
982_Sports,Sports
864_Electronics,Electronics
21_Electronics,Electronics
343_Beauty,Beauty
394_Beauty,Beauty
101_Electronics,Electronics
639_Electronics,Electronics
47_Kitchen,Kitchen
521_Kitchen,Kitchen
606_Sports,Sports
124_Electronics,Electronics
630_Sports,Sports
71_Kitchen,Kitchen
760_Kitchen,Kitchen
920_Kitchen,Kitchen
204_Beauty,Beauty
152_Beauty,Beauty
898_Sports,Sports
614_Kitchen,Kitchen
715_Beauty,Beauty
759_Sports,Sports
198_Beauty,Beauty
619_Sports,Sports
280_Beauty,Beauty
945_Sports,Sports
289_Sports,Sports
919_Kitchen,Kitchen
929_Electronics,Electronics
577_Beauty,Beauty
949_Electronics,Electronics
270_Kitchen,Kitchen
527_Sports,Sports
727_Electronics,Electronics
683_Kitchen,Kitchen
455_Beauty,Beauty
22_Beauty,Beauty
239_Electronics,Electronics
602_Electronics,Electronics
260_Beauty,Beauty
683_Electronics,Electronics
200_Kitchen,Kitchen
606_Electronics,Electronics
433_Kitchen,Kitchen
111_Electronics,Electronics
342_Beauty,Beauty
591_Sports,Sports
620_Electronics,Electronics
192_Electronics,Electronics
82_Kitchen,Kitchen
798_Beauty,Beauty
694_Sports,Sports
388_Electronics,Electronics
242_Beauty,Beauty
109_Kitchen,Kitchen
943_Electronics,Electronics
173_Sports,Sports
233_Electronics,Electronics
459_Beauty,Beauty
894_Kitchen,Kitchen
893_Electronics,Electronics
505_Electronics,Electronics
600_Beauty,Beauty
91_Beauty,Beauty
787_Beauty,Beauty
232_Beauty,Beauty
562_Electronics,Electronics
495_Electronics,Electronics
627_Electronics,Electronics
949_Beauty,Beauty
161_Kitchen,Kitchen
884_Electronics,Electronics
918_Beauty,Beauty
469_Kitchen,Kitchen
810_Kitchen,Kitchen
992_Sports,Sports
552_Kitchen,Kitchen
190_Electronics,Electronics
51_Electronics,Electronics
81_Electronics,Electronics
96_Sports,Sports
442_Kitchen,Kitchen
877_Electronics,Electronics
970_Kitchen,Kitchen
150_Beauty,Beauty
224_Sports,Sports
508_Sports,Sports
83_Kitchen,Kitchen
790_Electronics,Electronics
193_Kitchen,Kitchen
867_Kitchen,Kitchen
307_Beauty,Beauty
827_Electronics,Electronics
539_Electronics,Electronics
366_Electronics,Electronics
104_Kitchen,Kitchen
757_Electronics,Electronics
131_Beauty,Beauty
275_Kitchen,Kitchen
610_Sports,Sports
933_Kitchen,Kitchen
949_Sports,Sports
687_Sports,Sports
846_Beauty,Beauty
890_Beauty,Beauty
653_Kitchen,Kitchen
816_Electronics,Electronics
938_Electronics,Electronics
830_Electronics,Electronics
25_Beauty,Beauty
849_Electronics,Electronics
561_Kitchen,Kitchen
814_Sports,Sports
348_Beauty,Beauty
948_Kitchen,Kitchen
617_Electronics,Electronics
14_Kitchen,Kitchen
860_Kitchen,Kitchen
965_Beauty,Beauty
760_Electronics,Electronics
233_Kitchen,Kitchen
64_Beauty,Beauty
4_Kitchen,Kitchen
582_Kitchen,Kitchen
998_Beauty,Beauty
318_Electronics,Electronics
490_Sports,Sports
761_Beauty,Beauty
863_Beauty,Beauty
103_Electronics,Electronics
390_Electronics,Electronics
488_Beauty,Beauty
722_Beauty,Beauty
916_Sports,Sports
779_Kitchen,Kitchen
502_Beauty,Beauty
557_Sports,Sports
156_Beauty,Beauty
218_Kitchen,Kitchen
471_Sports,Sports
135_Beauty,Beauty
497_Sports,Sports
641_Electronics,Electronics
679_Kitchen,Kitchen
352_Beauty,Beauty
854_Kitchen,Kitchen
910_Beauty,Beauty
476_Sports,Sports
773_Beauty,Beauty
559_Beauty,Beauty
236_Electronics,Electronics
942_Sports,Sports
805_Kitchen,Kitchen
729_Kitchen,Kitchen
896_Electronics,Electronics
3_Kitchen,Kitchen
856_Sports,Sports
769_Sports,Sports
329_Beauty,Beauty
818_Beauty,Beauty
25_Sports,Sports
218_Electronics,Electronics
619_Beauty,Beauty
820_Beauty,Beauty
852_Beauty,Beauty
743_Kitchen,Kitchen
857_Sports,Sports
359_Electronics,Electronics
113_Beauty,Beauty
620_Kitchen,Kitchen
752_Beauty,Beauty
899_Electronics,Electronics
918_Kitchen,Kitchen
605_Sports,Sports
135_Electronics,Electronics
993_Beauty,Beauty
528_Kitchen,Kitchen
121_Beauty,Beauty
293_Sports,Sports
200_Sports,Sports
561_Electronics,Electronics
427_Beauty,Beauty
707_Electronics,Electronics
950_Beauty,Beauty
836_Beauty,Beauty
667_Kitchen,Kitchen
640_Kitchen,Kitchen
406_Electronics,Electronics
971_Sports,Sports
55_Beauty,Beauty
209_Kitchen,Kitchen
211_Kitchen,Kitchen
569_Kitchen,Kitchen
576_Beauty,Beauty
640_Beauty,Beauty
422_Beauty,Beauty
10_Sports,Sports
143_Beauty,Beauty
164_Beauty,Beauty
904_Electronics,Electronics
794_Electronics,Electronics
495_Beauty,Beauty
918_Sports,Sports
940_Beauty,Beauty
183_Sports,Sports
583_Sports,Sports
443_Beauty,Beauty
662_Kitchen,Kitchen
815_Electronics,Electronics
593_Beauty,Beauty
790_Kitchen,Kitchen
143_Sports,Sports
378_Kitchen,Kitchen
216_Kitchen,Kitchen
441_Kitchen,Kitchen
297_Kitchen,Kitchen
257_Kitchen,Kitchen
716_Sports,Sports
922_Electronics,Electronics
800_Sports,Sports
526_Kitchen,Kitchen
690_Sports,Sports
705_Kitchen,Kitchen
993_Sports,Sports
638_Sports,Sports
364_Electronics,Electronics
18_Beauty,Beauty
483_Kitchen,Kitchen
673_Kitchen,Kitchen
661_Electronics,Electronics
425_Kitchen,Kitchen
662_Electronics,Electronics
779_Electronics,Electronics
159_Sports,Sports
215_Sports,Sports
27_Sports,Sports
371_Kitchen,Kitchen
3_Sports,Sports
708_Sports,Sports
711_Kitchen,Kitchen
804_Beauty,Beauty
123_Electronics,Electronics
583_Electronics,Electronics
660_Kitchen,Kitchen
850_Sports,Sports
808_Electronics,Electronics
844_Electronics,Electronics
952_Beauty,Beauty
293_Kitchen,Kitchen
676_Sports,Sports
516_Kitchen,Kitchen
858_Electronics,Electronics
945_Beauty,Beauty
696_Kitchen,Kitchen
802_Kitchen,Kitchen
628_Kitchen,Kitchen
501_Electronics,Electronics
857_Kitchen,Kitchen
951_Kitchen,Kitchen
20_Kitchen,Kitchen
983_Sports,Sports
338_Sports,Sports
704_Electronics,Electronics
950_Electronics,Electronics
981_Electronics,Electronics
32_Beauty,Beauty
317_Beauty,Beauty
392_Beauty,Beauty
65_Electronics,Electronics
106_Beauty,Beauty
409_Sports,Sports
92_Kitchen,Kitchen
980_Electronics,Electronics
448_Sports,Sports
434_Beauty,Beauty
808_Beauty,Beauty
303_Electronics,Electronics
774_Beauty,Beauty
448_Electronics,Electronics
351_Electronics,Electronics
467_Kitchen,Kitchen
695_Beauty,Beauty
675_Kitchen,Kitchen
411_Electronics,Electronics
147_Kitchen,Kitchen
294_Beauty,Beauty
762_Sports,Sports
551_Sports,Sports
57_Electronics,Electronics
84_Electronics,Electronics
336_Kitchen,Kitchen
885_Sports,Sports
311_Sports,Sports
600_Sports,Sports
642_Kitchen,Kitchen
191_Sports,Sports
822_Beauty,Beauty
988_Sports,Sports
592_Electronics,Electronics
89_Kitchen,Kitchen
63_Electronics,Electronics
912_Electronics,Electronics
5_Sports,Sports
595_Electronics,Electronics
939_Beauty,Beauty
833_Beauty,Beauty
185_Kitchen,Kitchen
384_Beauty,Beauty
525_Sports,Sports
304_Electronics,Electronics
823_Beauty,Beauty
805_Sports,Sports
720_Beauty,Beauty
325_Beauty,Beauty
121_Kitchen,Kitchen
666_Sports,Sports
271_Beauty,Beauty
168_Beauty,Beauty
171_Kitchen,Kitchen
319_Beauty,Beauty
1000_Kitchen,Kitchen
946_Kitchen,Kitchen
958_Beauty,Beauty
641_Kitchen,Kitchen
576_Sports,Sports
841_Beauty,Beauty
922_Kitchen,Kitchen
229_Kitchen,Kitchen
830_Beauty,Beauty
562_Sports,Sports
489_Electronics,Electronics
768_Sports,Sports
844_Sports,Sports
850_Kitchen,Kitchen
583_Beauty,Beauty
630_Beauty,Beauty
466_Beauty,Beauty
474_Electronics,Electronics
9_Kitchen,Kitchen
784_Sports,Sports
664_Electronics,Electronics
724_Kitchen,Kitchen
731_Electronics,Electronics
100_Kitchen,Kitchen
492_Beauty,Beauty
717_Sports,Sports
732_Electronics,Electronics
461_Electronics,Electronics
533_Beauty,Beauty
122_Sports,Sports
280_Kitchen,Kitchen
733_Sports,Sports
875_Electronics,Electronics
395_Kitchen,Kitchen
882_Kitchen,Kitchen
788_Electronics,Electronics
374_Kitchen,Kitchen
414_Sports,Sports
983_Kitchen,Kitchen
898_Kitchen,Kitchen
491_Beauty,Beauty
902_Kitchen,Kitchen
187_Beauty,Beauty
39_Electronics,Electronics
963_Electronics,Electronics
468_Electronics,Electronics
305_Kitchen,Kitchen
434_Kitchen,Kitchen
589_Electronics,Electronics
116_Electronics,Electronics
602_Sports,Sports
673_Sports,Sports
38_Kitchen,Kitchen
333_Kitchen,Kitchen
496_Beauty,Beauty
527_Beauty,Beauty
283_Kitchen,Kitchen
265_Kitchen,Kitchen
263_Beauty,Beauty
536_Electronics,Electronics
603_Kitchen,Kitchen
17_Kitchen,Kitchen
403_Sports,Sports
400_Electronics,Electronics
321_Electronics,Electronics
675_Sports,Sports
941_Electronics,Electronics
316_Sports,Sports
155_Kitchen,Kitchen
166_Kitchen,Kitchen
758_Sports,Sports
553_Kitchen,Kitchen
417_Sports,Sports
697_Electronics,Electronics
213_Electronics,Electronics
554_Sports,Sports
67_Kitchen,Kitchen
420_Kitchen,Kitchen
249_Kitchen,Kitchen
458_Sports,Sports
123_Kitchen,Kitchen
810_Beauty,Beauty
710_Sports,Sports
119_Electronics,Electronics
300_Sports,Sports
197_Beauty,Beauty
995_Kitchen,Kitchen
905_Electronics,Electronics
211_Electronics,Electronics
42_Sports,Sports
905_Beauty,Beauty
560_Beauty,Beauty
164_Sports,Sports
874_Beauty,Beauty
46_Electronics,Electronics
83_Electronics,Electronics
285_Beauty,Beauty
961_Sports,Sports
996_Sports,Sports
978_Sports,Sports
352_Kitchen,Kitchen
959_Beauty,Beauty
596_Beauty,Beauty
200_Beauty,Beauty
631_Kitchen,Kitchen
195_Sports,Sports
421_Kitchen,Kitchen
496_Electronics,Electronics
520_Beauty,Beauty
157_Beauty,Beauty
273_Sports,Sports
956_Kitchen,Kitchen
123_Sports,Sports
178_Sports,Sports
615_Kitchen,Kitchen
311_Electronics,Electronics
807_Sports,Sports
884_Sports,Sports
466_Electronics,Electronics
450_Kitchen,Kitchen
177_Sports,Sports
41_Beauty,Beauty
90_Electronics,Electronics
425_Beauty,Beauty
692_Beauty,Beauty
478_Electronics,Electronics
401_Electronics,Electronics
32_Kitchen,Kitchen
308_Sports,Sports
778_Beauty,Beauty
821_Sports,Sports
141_Beauty,Beauty
625_Sports,Sports
72_Sports,Sports
756_Electronics,Electronics
481_Kitchen,Kitchen
345_Beauty,Beauty
873_Beauty,Beauty
429_Electronics,Electronics
695_Sports,Sports
238_Kitchen,Kitchen
433_Sports,Sports
118_Beauty,Beauty
571_Kitchen,Kitchen
803_Sports,Sports
986_Kitchen,Kitchen
536_Kitchen,Kitchen
659_Sports,Sports
33_Electronics,Electronics
112_Electronics,Electronics
338_Beauty,Beauty
62_Beauty,Beauty
78_Sports,Sports
457_Electronics,Electronics
99_Electronics,Electronics
81_Kitchen,Kitchen
620_Sports,Sports
143_Kitchen,Kitchen
529_Electronics,Electronics
2_Kitchen,Kitchen
11_Kitchen,Kitchen
237_Kitchen,Kitchen
116_Sports,Sports
303_Beauty,Beauty
395_Sports,Sports
324_Beauty,Beauty
231_Sports,Sports
268_Electronics,Electronics
413_Sports,Sports
83_Beauty,Beauty
299_Sports,Sports
855_Electronics,Electronics
619_Kitchen,Kitchen
320_Kitchen,Kitchen
838_Sports,Sports
722_Sports,Sports
310_Sports,Sports
783_Kitchen,Kitchen
191_Beauty,Beauty
579_Electronics,Electronics
617_Sports,Sports
90_Kitchen,Kitchen
588_Beauty,Beauty
322_Sports,Sports
465_Electronics,Electronics
756_Kitchen,Kitchen
197_Kitchen,Kitchen
711_Electronics,Electronics
137_Sports,Sports
637_Kitchen,Kitchen
886_Sports,Sports
941_Beauty,Beauty
993_Kitchen,Kitchen
873_Kitchen,Kitchen
238_Electronics,Electronics
453_Beauty,Beauty
84_Kitchen,Kitchen
90_Sports,Sports
222_Electronics,Electronics
331_Sports,Sports
126_Electronics,Electronics
503_Beauty,Beauty
643_Sports,Sports
311_Kitchen,Kitchen
765_Kitchen,Kitchen
948_Sports,Sports
636_Sports,Sports
267_Sports,Sports
105_Kitchen,Kitchen
606_Kitchen,Kitchen
70_Kitchen,Kitchen
923_Sports,Sports
629_Electronics,Electronics
776_Beauty,Beauty
997_Beauty,Beauty
848_Beauty,Beauty
914_Kitchen,Kitchen
256_Beauty,Beauty
797_Beauty,Beauty
907_Kitchen,Kitchen
690_Kitchen,Kitchen
398_Sports,Sports
5_Electronics,Electronics
825_Kitchen,Kitchen
752_Sports,Sports
561_Beauty,Beauty
817_Sports,Sports
489_Kitchen,Kitchen
139_Kitchen,Kitchen
8_Kitchen,Kitchen
141_Kitchen,Kitchen
226_Kitchen,Kitchen
142_Beauty,Beauty
275_Electronics,Electronics
364_Beauty,Beauty
753_Kitchen,Kitchen
227_Kitchen,Kitchen
826_Sports,Sports
215_Electronics,Electronics
393_Electronics,Electronics
278_Kitchen,Kitchen
967_Kitchen,Kitchen
886_Electronics,Electronics
809_Electronics,Electronics
880_Sports,Sports
188_Sports,Sports
952_Kitchen,Kitchen
216_Sports,Sports
599_Sports,Sports
211_Beauty,Beauty
783_Sports,Sports
139_Beauty,Beauty
221_Kitchen,Kitchen
702_Kitchen,Kitchen
268_Beauty,Beauty
319_Kitchen,Kitchen
49_Kitchen,Kitchen
712_Sports,Sports
50_Beauty,Beauty
828_Electronics,Electronics
31_Kitchen,Kitchen
328_Electronics,Electronics
711_Beauty,Beauty
814_Beauty,Beauty
151_Kitchen,Kitchen
825_Electronics,Electronics
581_Beauty,Beauty
984_Electronics,Electronics
803_Beauty,Beauty
782_Electronics,Electronics
100_Beauty,Beauty
955_Beauty,Beauty
537_Beauty,Beauty
498_Beauty,Beauty
770_Electronics,Electronics
449_Electronics,Electronics
650_Electronics,Electronics
636_Beauty,Beauty
660_Electronics,Electronics
347_Beauty,Beauty
913_Sports,Sports
192_Beauty,Beauty
409_Electronics,Electronics
78_Electronics,Electronics
190_Beauty,Beauty
801_Kitchen,Kitchen
835_Kitchen,Kitchen
542_Sports,Sports
821_Electronics,Electronics
612_Electronics,Electronics
757_Beauty,Beauty
694_Kitchen,Kitchen
106_Electronics,Electronics
88_Kitchen,Kitchen
161_Electronics,Electronics
320_Beauty,Beauty
556_Sports,Sports
906_Kitchen,Kitchen
822_Sports,Sports
14_Electronics,Electronics
301_Sports,Sports
400_Sports,Sports
365_Electronics,Electronics
670_Electronics,Electronics
202_Electronics,Electronics
531_Beauty,Beauty
313_Kitchen,Kitchen
388_Sports,Sports
79_Kitchen,Kitchen
831_Kitchen,Kitchen
566_Kitchen,Kitchen
378_Electronics,Electronics
234_Beauty,Beauty
461_Beauty,Beauty
130_Kitchen,Kitchen
981_Kitchen,Kitchen
428_Electronics,Electronics
238_Beauty,Beauty
326_Beauty,Beauty
235_Beauty,Beauty
763_Beauty,Beauty
538_Kitchen,Kitchen
974_Kitchen,Kitchen
727_Beauty,Beauty
792_Electronics,Electronics
725_Sports,Sports
594_Kitchen,Kitchen
728_Electronics,Electronics
183_Kitchen,Kitchen
488_Kitchen,Kitchen
230_Beauty,Beauty
650_Kitchen,Kitchen
325_Sports,Sports
360_Beauty,Beauty
262_Beauty,Beauty
327_Beauty,Beauty
862_Beauty,Beauty
279_Kitchen,Kitchen
590_Beauty,Beauty
997_Kitchen,Kitchen
951_Sports,Sports
172_Kitchen,Kitchen
473_Electronics,Electronics
850_Electronics,Electronics
894_Electronics,Electronics
97_Beauty,Beauty
420_Beauty,Beauty
913_Electronics,Electronics
205_Sports,Sports
387_Kitchen,Kitchen
432_Kitchen,Kitchen
85_Kitchen,Kitchen
438_Kitchen,Kitchen
763_Kitchen,Kitchen
265_Sports,Sports
395_Electronics,Electronics
397_Kitchen,Kitchen
487_Sports,Sports
674_Sports,Sports
977_Beauty,Beauty
554_Kitchen,Kitchen
611_Electronics,Electronics
681_Kitchen,Kitchen
415_Electronics,Electronics
303_Kitchen,Kitchen
346_Beauty,Beauty
738_Beauty,Beauty
373_Kitchen,Kitchen
907_Sports,Sports
699_Electronics,Electronics
776_Kitchen,Kitchen
566_Electronics,Electronics
718_Beauty,Beauty
735_Sports,Sports
242_Kitchen,Kitchen
795_Sports,Sports
230_Kitchen,Kitchen
102_Electronics,Electronics
888_Kitchen,Kitchen
599_Kitchen,Kitchen
40_Electronics,Electronics
401_Kitchen,Kitchen
687_Kitchen,Kitchen
692_Kitchen,Kitchen
130_Electronics,Electronics
405_Electronics,Electronics
809_Beauty,Beauty
436_Kitchen,Kitchen
792_Beauty,Beauty
700_Sports,Sports
267_Kitchen,Kitchen
581_Kitchen,Kitchen
964_Electronics,Electronics
165_Sports,Sports
640_Sports,Sports
403_Electronics,Electronics
736_Beauty,Beauty
837_Kitchen,Kitchen
116_Beauty,Beauty
564_Beauty,Beauty
875_Beauty,Beauty
801_Sports,Sports
436_Electronics,Electronics
626_Electronics,Electronics
316_Beauty,Beauty
371_Electronics,Electronics
623_Electronics,Electronics
635_Sports,Sports
695_Kitchen,Kitchen
210_Electronics,Electronics
584_Sports,Sports
199_Beauty,Beauty
692_Sports,Sports
345_Electronics,Electronics
341_Sports,Sports
453_Sports,Sports
343_Kitchen,Kitchen
693_Kitchen,Kitchen
70_Electronics,Electronics
835_Electronics,Electronics
145_Electronics,Electronics
899_Sports,Sports
917_Electronics,Electronics
625_Beauty,Beauty
105_Electronics,Electronics
819_Beauty,Beauty
246_Sports,Sports
687_Beauty,Beauty
963_Kitchen,Kitchen
373_Beauty,Beauty
44_Sports,Sports
502_Electronics,Electronics
194_Sports,Sports
428_Sports,Sports
934_Beauty,Beauty
360_Sports,Sports
555_Sports,Sports
534_Beauty,Beauty
19_Kitchen,Kitchen
353_Kitchen,Kitchen
986_Sports,Sports
78_Beauty,Beauty
788_Sports,Sports
867_Sports,Sports
288_Beauty,Beauty
681_Sports,Sports
853_Sports,Sports
753_Sports,Sports
766_Sports,Sports
538_Sports,Sports
258_Kitchen,Kitchen
286_Kitchen,Kitchen
567_Electronics,Electronics
925_Electronics,Electronics
411_Sports,Sports
43_Beauty,Beauty
530_Electronics,Electronics
671_Beauty,Beauty
698_Sports,Sports
334_Sports,Sports
592_Beauty,Beauty
302_Electronics,Electronics
841_Electronics,Electronics
502_Kitchen,Kitchen
654_Kitchen,Kitchen
643_Electronics,Electronics
599_Beauty,Beauty
744_Electronics,Electronics
890_Electronics,Electronics
944_Sports,Sports
152_Electronics,Electronics
485_Kitchen,Kitchen
64_Sports,Sports
181_Sports,Sports
377_Electronics,Electronics
477_Kitchen,Kitchen
108_Kitchen,Kitchen
780_Kitchen,Kitchen
524_Electronics,Electronics
826_Beauty,Beauty
934_Sports,Sports
224_Kitchen,Kitchen
452_Electronics,Electronics
129_Kitchen,Kitchen
488_Sports,Sports
496_Sports,Sports
65_Kitchen,Kitchen
751_Sports,Sports
233_Beauty,Beauty
960_Electronics,Electronics
376_Kitchen,Kitchen
109_Beauty,Beauty
74_Kitchen,Kitchen
167_Beauty,Beauty
444_Beauty,Beauty
278_Sports,Sports
379_Sports,Sports
691_Electronics,Electronics
73_Electronics,Electronics
416_Sports,Sports
705_Sports,Sports
127_Beauty,Beauty
740_Electronics,Electronics
499_Kitchen,Kitchen
219_Kitchen,Kitchen
48_Electronics,Electronics
878_Electronics,Electronics
120_Kitchen,Kitchen
580_Sports,Sports
355_Beauty,Beauty
614_Beauty,Beauty
316_Kitchen,Kitchen
240_Kitchen,Kitchen
502_Sports,Sports
648_Electronics,Electronics
222_Kitchen,Kitchen
229_Electronics,Electronics
478_Sports,Sports
604_Electronics,Electronics
945_Kitchen,Kitchen
421_Beauty,Beauty
853_Beauty,Beauty
676_Kitchen,Kitchen
124_Kitchen,Kitchen
398_Kitchen,Kitchen
346_Electronics,Electronics
486_Kitchen,Kitchen
781_Sports,Sports
911_Sports,Sports
248_Sports,Sports
212_Sports,Sports
452_Kitchen,Kitchen
841_Sports,Sports
88_Beauty,Beauty
151_Sports,Sports
954_Electronics,Electronics
295_Kitchen,Kitchen
974_Beauty,Beauty
616_Beauty,Beauty
75_Kitchen,Kitchen
941_Kitchen,Kitchen
742_Sports,Sports
728_Sports,Sports
760_Sports,Sports
254_Electronics,Electronics
472_Electronics,Electronics
418_Kitchen,Kitchen
214_Kitchen,Kitchen
396_Electronics,Electronics
616_Sports,Sports
273_Electronics,Electronics
21_Sports,Sports
962_Kitchen,Kitchen
155_Sports,Sports
347_Sports,Sports
284_Kitchen,Kitchen
422_Electronics,Electronics
458_Beauty,Beauty
125_Beauty,Beauty
654_Sports,Sports
414_Beauty,Beauty
271_Kitchen,Kitchen
298_Sports,Sports
923_Kitchen,Kitchen
781_Beauty,Beauty
680_Electronics,Electronics
900_Sports,Sports
499_Beauty,Beauty
874_Electronics,Electronics
286_Electronics,Electronics
211_Sports,Sports
531_Kitchen,Kitchen
303_Sports,Sports
504_Kitchen,Kitchen
450_Electronics,Electronics
663_Electronics,Electronics
575_Sports,Sports
369_Sports,Sports
73_Beauty,Beauty
307_Electronics,Electronics
383_Beauty,Beauty
937_Electronics,Electronics
476_Electronics,Electronics
397_Beauty,Beauty
846_Kitchen,Kitchen
946_Sports,Sports
37_Beauty,Beauty
344_Beauty,Beauty
417_Kitchen,Kitchen
412_Electronics,Electronics
208_Sports,Sports
484_Electronics,Electronics
538_Beauty,Beauty
344_Electronics,Electronics
511_Sports,Sports
631_Beauty,Beauty
730_Kitchen,Kitchen
180_Beauty,Beauty
980_Sports,Sports
363_Kitchen,Kitchen
419_Kitchen,Kitchen
69_Beauty,Beauty
501_Kitchen,Kitchen
872_Beauty,Beauty
128_Kitchen,Kitchen
108_Beauty,Beauty
766_Beauty,Beauty
0_Kitchen,Kitchen
150_Sports,Sports
155_Electronics,Electronics
553_Sports,Sports
540_Sports,Sports
776_Sports,Sports
894_Beauty,Beauty
887_Sports,Sports
618_Sports,Sports
829_Beauty,Beauty
279_Sports,Sports
34_Sports,Sports
572_Kitchen,Kitchen
69_Kitchen,Kitchen
54_Beauty,Beauty
397_Sports,Sports
550_Electronics,Electronics
824_Kitchen,Kitchen
532_Sports,Sports
557_Electronics,Electronics
585_Kitchen,Kitchen
809_Kitchen,Kitchen
453_Kitchen,Kitchen
153_Electronics,Electronics
364_Sports,Sports
176_Sports,Sports
255_Sports,Sports
481_Beauty,Beauty
982_Beauty,Beauty
511_Electronics,Electronics
550_Sports,Sports
703_Sports,Sports
510_Kitchen,Kitchen
47_Beauty,Beauty
921_Beauty,Beauty
113_Electronics,Electronics
544_Beauty,Beauty
737_Electronics,Electronics
925_Sports,Sports
208_Electronics,Electronics
304_Kitchen,Kitchen
351_Kitchen,Kitchen
267_Beauty,Beauty
48_Sports,Sports
639_Beauty,Beauty
138_Kitchen,Kitchen
658_Sports,Sports
588_Electronics,Electronics
609_Sports,Sports
663_Sports,Sports
858_Sports,Sports
354_Electronics,Electronics
863_Sports,Sports
11_Sports,Sports
350_Beauty,Beauty
725_Beauty,Beauty
414_Kitchen,Kitchen
360_Electronics,Electronics
437_Sports,Sports
796_Sports,Sports
476_Kitchen,Kitchen
728_Kitchen,Kitchen
522_Electronics,Electronics
675_Electronics,Electronics
601_Sports,Sports
965_Kitchen,Kitchen
876_Kitchen,Kitchen
460_Sports,Sports
472_Beauty,Beauty
660_Beauty,Beauty
158_Kitchen,Kitchen
541_Electronics,Electronics
80_Sports,Sports
765_Electronics,Electronics
1_Beauty,Beauty
622_Beauty,Beauty
473_Kitchen,Kitchen
568_Beauty,Beauty
587_Sports,Sports
775_Beauty,Beauty
787_Kitchen,Kitchen
946_Beauty,Beauty
261_Beauty,Beauty
903_Sports,Sports
688_Electronics,Electronics
423_Beauty,Beauty
291_Kitchen,Kitchen
68_Kitchen,Kitchen
237_Beauty,Beauty
713_Kitchen,Kitchen
203_Beauty,Beauty
162_Electronics,Electronics
659_Electronics,Electronics
618_Kitchen,Kitchen
148_Kitchen,Kitchen
670_Beauty,Beauty
406_Kitchen,Kitchen
70_Beauty,Beauty
764_Electronics,Electronics
369_Electronics,Electronics
359_Kitchen,Kitchen
772_Beauty,Beauty
792_Kitchen,Kitchen
451_Beauty,Beauty
948_Beauty,Beauty
106_Sports,Sports
300_Beauty,Beauty
531_Electronics,Electronics
608_Kitchen,Kitchen
169_Beauty,Beauty
194_Kitchen,Kitchen
252_Electronics,Electronics
296_Electronics,Electronics
552_Electronics,Electronics
448_Beauty,Beauty
589_Kitchen,Kitchen
892_Kitchen,Kitchen
848_Electronics,Electronics
280_Sports,Sports
370_Kitchen,Kitchen
131_Kitchen,Kitchen
509_Beauty,Beauty
979_Kitchen,Kitchen
747_Beauty,Beauty
597_Electronics,Electronics
110_Kitchen,Kitchen
885_Beauty,Beauty
786_Sports,Sports
333_Sports,Sports
482_Electronics,Electronics
680_Sports,Sports
925_Kitchen,Kitchen
11_Electronics,Electronics
596_Electronics,Electronics
749_Sports,Sports
187_Kitchen,Kitchen
820_Sports,Sports
499_Sports,Sports
251_Electronics,Electronics
74_Sports,Sports
103_Beauty,Beauty
392_Sports,Sports
920_Electronics,Electronics
361_Electronics,Electronics
261_Electronics,Electronics
612_Kitchen,Kitchen
766_Electronics,Electronics
775_Electronics,Electronics
346_Sports,Sports
477_Beauty,Beauty
551_Electronics,Electronics
654_Electronics,Electronics
942_Kitchen,Kitchen
206_Sports,Sports
28_Electronics,Electronics
548_Kitchen,Kitchen
523_Electronics,Electronics
496_Kitchen,Kitchen
766_Kitchen,Kitchen
76_Sports,Sports
183_Electronics,Electronics
573_Beauty,Beauty
235_Electronics,Electronics
76_Electronics,Electronics
262_Electronics,Electronics
212_Electronics,Electronics
146_Kitchen,Kitchen
189_Sports,Sports
961_Beauty,Beauty
458_Electronics,Electronics
460_Kitchen,Kitchen
930_Kitchen,Kitchen
341_Kitchen,Kitchen
468_Beauty,Beauty
355_Electronics,Electronics
113_Sports,Sports
352_Electronics,Electronics
229_Sports,Sports
513_Kitchen,Kitchen
932_Kitchen,Kitchen
804_Sports,Sports
220_Electronics,Electronics
409_Kitchen,Kitchen
441_Beauty,Beauty
693_Sports,Sports
743_Sports,Sports
435_Sports,Sports
633_Kitchen,Kitchen
768_Kitchen,Kitchen
308_Kitchen,Kitchen
557_Beauty,Beauty
772_Sports,Sports
909_Kitchen,Kitchen
180_Kitchen,Kitchen
449_Beauty,Beauty
611_Sports,Sports
95_Kitchen,Kitchen
962_Electronics,Electronics
458_Kitchen,Kitchen
968_Beauty,Beauty
449_Kitchen,Kitchen
394_Sports,Sports
742_Beauty,Beauty
22_Electronics,Electronics
594_Sports,Sports
843_Sports,Sports
934_Electronics,Electronics
457_Kitchen,Kitchen
500_Sports,Sports
391_Sports,Sports
795_Electronics,Electronics
597_Kitchen,Kitchen
756_Beauty,Beauty
529_Kitchen,Kitchen
974_Electronics,Electronics
354_Sports,Sports
462_Electronics,Electronics
162_Beauty,Beauty
830_Kitchen,Kitchen
144_Sports,Sports
603_Beauty,Beauty
747_Electronics,Electronics
360_Kitchen,Kitchen
419_Electronics,Electronics
526_Sports,Sports
903_Electronics,Electronics
478_Beauty,Beauty
863_Kitchen,Kitchen
343_Sports,Sports
718_Sports,Sports
500_Kitchen,Kitchen
93_Sports,Sports
136_Kitchen,Kitchen
205_Kitchen,Kitchen
426_Beauty,Beauty
753_Electronics,Electronics
89_Electronics,Electronics
525_Electronics,Electronics
444_Electronics,Electronics
950_Sports,Sports
432_Sports,Sports
930_Electronics,Electronics
51_Beauty,Beauty
621_Electronics,Electronics
994_Electronics,Electronics
982_Electronics,Electronics
268_Kitchen,Kitchen
416_Electronics,Electronics
247_Sports,Sports
25_Electronics,Electronics
313_Sports,Sports
31_Sports,Sports
337_Electronics,Electronics
543_Sports,Sports
923_Beauty,Beauty
166_Beauty,Beauty
957_Electronics,Electronics
67_Electronics,Electronics
739_Kitchen,Kitchen
274_Beauty,Beauty
626_Beauty,Beauty
583_Kitchen,Kitchen
440_Kitchen,Kitchen
355_Sports,Sports
207_Beauty,Beauty
210_Kitchen,Kitchen
931_Beauty,Beauty
797_Electronics,Electronics
455_Kitchen,Kitchen
220_Beauty,Beauty
541_Sports,Sports
793_Sports,Sports
339_Electronics,Electronics
933_Sports,Sports
337_Beauty,Beauty
514_Electronics,Electronics
645_Sports,Sports
976_Kitchen,Kitchen
817_Electronics,Electronics
528_Beauty,Beauty
652_Electronics,Electronics
131_Sports,Sports
217_Sports,Sports
107_Electronics,Electronics
587_Electronics,Electronics
394_Kitchen,Kitchen
5_Kitchen,Kitchen
362_Beauty,Beauty
454_Beauty,Beauty
129_Electronics,Electronics
519_Sports,Sports
825_Beauty,Beauty
834_Sports,Sports
655_Kitchen,Kitchen
669_Kitchen,Kitchen
512_Beauty,Beauty
412_Kitchen,Kitchen
132_Electronics,Electronics
321_Kitchen,Kitchen
346_Kitchen,Kitchen
995_Electronics,Electronics
860_Sports,Sports
721_Electronics,Electronics
727_Sports,Sports
27_Kitchen,Kitchen
33_Kitchen,Kitchen
163_Electronics,Electronics
405_Sports,Sports
682_Sports,Sports
592_Kitchen,Kitchen
1_Sports,Sports
350_Electronics,Electronics
688_Beauty,Beauty
51_Sports,Sports
593_Kitchen,Kitchen
786_Kitchen,Kitchen
380_Kitchen,Kitchen
398_Electronics,Electronics
459_Electronics,Electronics
515_Sports,Sports
807_Kitchen,Kitchen
628_Electronics,Electronics
796_Electronics,Electronics
778_Kitchen,Kitchen
615_Sports,Sports
164_Electronics,Electronics
990_Sports,Sports
147_Electronics,Electronics
348_Kitchen,Kitchen
661_Kitchen,Kitchen
917_Beauty,Beauty
747_Sports,Sports
667_Beauty,Beauty
719_Electronics,Electronics
706_Sports,Sports
793_Electronics,Electronics
965_Sports,Sports
290_Beauty,Beauty
717_Electronics,Electronics
223_Sports,Sports
358_Kitchen,Kitchen
757_Sports,Sports
318_Beauty,Beauty
386_Beauty,Beauty
985_Beauty,Beauty
408_Kitchen,Kitchen
706_Beauty,Beauty
876_Beauty,Beauty
101_Sports,Sports
133_Beauty,Beauty
1000_Sports,Sports
29_Electronics,Electronics
892_Beauty,Beauty
577_Electronics,Electronics
474_Beauty,Beauty
427_Sports,Sports
595_Kitchen,Kitchen
133_Electronics,Electronics
107_Kitchen,Kitchen
28_Beauty,Beauty
105_Sports,Sports
679_Beauty,Beauty
170_Kitchen,Kitchen
566_Sports,Sports
812_Electronics,Electronics
885_Electronics,Electronics
340_Sports,Sports
158_Sports,Sports
222_Sports,Sports
119_Beauty,Beauty
562_Beauty,Beauty
699_Kitchen,Kitchen
724_Sports,Sports
797_Sports,Sports
769_Kitchen,Kitchen
705_Electronics,Electronics
361_Beauty,Beauty
448_Kitchen,Kitchen
327_Kitchen,Kitchen
691_Kitchen,Kitchen
445_Beauty,Beauty
275_Sports,Sports
332_Sports,Sports
369_Kitchen,Kitchen
319_Electronics,Electronics
28_Kitchen,Kitchen
442_Beauty,Beauty
689_Sports,Sports
232_Sports,Sports
195_Beauty,Beauty
952_Sports,Sports
7_Electronics,Electronics
102_Beauty,Beauty
611_Kitchen,Kitchen
124_Sports,Sports
330_Electronics,Electronics
637_Sports,Sports
396_Kitchen,Kitchen
823_Kitchen,Kitchen
850_Beauty,Beauty
718_Kitchen,Kitchen
848_Kitchen,Kitchen
14_Beauty,Beauty
166_Sports,Sports
174_Electronics,Electronics
275_Beauty,Beauty
996_Kitchen,Kitchen
136_Electronics,Electronics
769_Beauty,Beauty
226_Electronics,Electronics
572_Beauty,Beauty
377_Beauty,Beauty
357_Sports,Sports
939_Electronics,Electronics
317_Kitchen,Kitchen
540_Beauty,Beauty
413_Beauty,Beauty
549_Electronics,Electronics
514_Kitchen,Kitchen
888_Electronics,Electronics
868_Kitchen,Kitchen
81_Sports,Sports
403_Kitchen,Kitchen
651_Sports,Sports
59_Sports,Sports
750_Kitchen,Kitchen
581_Electronics,Electronics
439_Electronics,Electronics
512_Kitchen,Kitchen
996_Electronics,Electronics
98_Kitchen,Kitchen
114_Sports,Sports
208_Beauty,Beauty
242_Electronics,Electronics
231_Kitchen,Kitchen
591_Beauty,Beauty
522_Sports,Sports
617_Beauty,Beauty
900_Beauty,Beauty
900_Electronics,Electronics
9_Beauty,Beauty
542_Beauty,Beauty
276_Kitchen,Kitchen
165_Beauty,Beauty
541_Beauty,Beauty
815_Beauty,Beauty
917_Kitchen,Kitchen
473_Beauty,Beauty
248_Electronics,Electronics
304_Beauty,Beauty
629_Kitchen,Kitchen
418_Electronics,Electronics
590_Kitchen,Kitchen
451_Sports,Sports
350_Kitchen,Kitchen
720_Sports,Sports
410_Beauty,Beauty
704_Kitchen,Kitchen
331_Electronics,Electronics
289_Kitchen,Kitchen
807_Electronics,Electronics
676_Beauty,Beauty
706_Electronics,Electronics
76_Beauty,Beauty
412_Sports,Sports
272_Kitchen,Kitchen
37_Electronics,Electronics
604_Kitchen,Kitchen
506_Beauty,Beauty
191_Kitchen,Kitchen
688_Sports,Sports
315_Sports,Sports
72_Kitchen,Kitchen
179_Kitchen,Kitchen
323_Beauty,Beauty
605_Beauty,Beauty
367_Kitchen,Kitchen
991_Beauty,Beauty
721_Kitchen,Kitchen
198_Electronics,Electronics
885_Kitchen,Kitchen
928_Sports,Sports
532_Kitchen,Kitchen
665_Kitchen,Kitchen
264_Sports,Sports
467_Electronics,Electronics
901_Beauty,Beauty
131_Electronics,Electronics
754_Kitchen,Kitchen
276_Beauty,Beauty
641_Beauty,Beauty
23_Kitchen,Kitchen
175_Beauty,Beauty
412_Beauty,Beauty
920_Sports,Sports
118_Sports,Sports
929_Sports,Sports
240_Beauty,Beauty
745_Kitchen,Kitchen
210_Beauty,Beauty
333_Electronics,Electronics
851_Electronics,Electronics
959_Kitchen,Kitchen
924_Beauty,Beauty
482_Sports,Sports
627_Kitchen,Kitchen
109_Electronics,Electronics
698_Kitchen,Kitchen
632_Beauty,Beauty
790_Beauty,Beauty
819_Kitchen,Kitchen
818_Sports,Sports
71_Sports,Sports
789_Electronics,Electronics
177_Electronics,Electronics
726_Sports,Sports
348_Electronics,Electronics
259_Electronics,Electronics
309_Beauty,Beauty
909_Beauty,Beauty
248_Beauty,Beauty
312_Electronics,Electronics
92_Electronics,Electronics
540_Kitchen,Kitchen
734_Kitchen,Kitchen
373_Sports,Sports
863_Electronics,Electronics
895_Electronics,Electronics
231_Beauty,Beauty
618_Beauty,Beauty
814_Electronics,Electronics
282_Electronics,Electronics
399_Sports,Sports
132_Sports,Sports
383_Sports,Sports
418_Beauty,Beauty
997_Sports,Sports
647_Sports,Sports
55_Electronics,Electronics
125_Kitchen,Kitchen
912_Beauty,Beauty
247_Kitchen,Kitchen
617_Kitchen,Kitchen
472_Sports,Sports
56_Electronics,Electronics
719_Kitchen,Kitchen
723_Sports,Sports
806_Kitchen,Kitchen
276_Sports,Sports
574_Electronics,Electronics
771_Beauty,Beauty
160_Kitchen,Kitchen
476_Beauty,Beauty
748_Sports,Sports
915_Electronics,Electronics
157_Sports,Sports
801_Beauty,Beauty
537_Electronics,Electronics
429_Beauty,Beauty
947_Kitchen,Kitchen
295_Sports,Sports
480_Beauty,Beauty
507_Kitchen,Kitchen
191_Electronics,Electronics
159_Beauty,Beauty
383_Kitchen,Kitchen
105_Beauty,Beauty
139_Electronics,Electronics
731_Kitchen,Kitchen
375_Sports,Sports
791_Sports,Sports
159_Electronics,Electronics
579_Beauty,Beauty
684_Sports,Sports
748_Electronics,Electronics
758_Electronics,Electronics
879_Electronics,Electronics
553_Electronics,Electronics
258_Electronics,Electronics
755_Beauty,Beauty
990_Beauty,Beauty
625_Kitchen,Kitchen
325_Electronics,Electronics
539_Kitchen,Kitchen
555_Electronics,Electronics
147_Beauty,Beauty
608_Beauty,Beauty
971_Electronics,Electronics
276_Electronics,Electronics
342_Kitchen,Kitchen
678_Kitchen,Kitchen
536_Sports,Sports
800_Electronics,Electronics
184_Beauty,Beauty
450_Sports,Sports
75_Sports,Sports
314_Sports,Sports
400_Beauty,Beauty
671_Electronics,Electronics
504_Beauty,Beauty
532_Beauty,Beauty
506_Electronics,Electronics
372_Beauty,Beauty
837_Beauty,Beauty
931_Electronics,Electronics
492_Kitchen,Kitchen
775_Kitchen,Kitchen
813_Electronics,Electronics
813_Kitchen,Kitchen
874_Kitchen,Kitchen
690_Beauty,Beauty
354_Beauty,Beauty
49_Electronics,Electronics
357_Electronics,Electronics
37_Kitchen,Kitchen
905_Kitchen,Kitchen
367_Beauty,Beauty
967_Beauty,Beauty
192_Kitchen,Kitchen
404_Beauty,Beauty
498_Electronics,Electronics
258_Sports,Sports
44_Electronics,Electronics
957_Kitchen,Kitchen
537_Sports,Sports
68_Electronics,Electronics
519_Electronics,Electronics
292_Kitchen,Kitchen
294_Kitchen,Kitchen
156_Sports,Sports
590_Sports,Sports
639_Kitchen,Kitchen
650_Beauty,Beauty
307_Kitchen,Kitchen
234_Kitchen,Kitchen
438_Sports,Sports
464_Beauty,Beauty
876_Sports,Sports
892_Electronics,Electronics
828_Beauty,Beauty
378_Beauty,Beauty
403_Beauty,Beauty
616_Kitchen,Kitchen
61_Kitchen,Kitchen
938_Kitchen,Kitchen
480_Electronics,Electronics
719_Sports,Sports
432_Beauty,Beauty
957_Sports,Sports
138_Sports,Sports
305_Sports,Sports
269_Beauty,Beauty
140_Kitchen,Kitchen
521_Electronics,Electronics
405_Kitchen,Kitchen
482_Kitchen,Kitchen
52_Beauty,Beauty
137_Electronics,Electronics
18_Kitchen,Kitchen
663_Kitchen,Kitchen
852_Electronics,Electronics
291_Sports,Sports
464_Electronics,Electronics
522_Beauty,Beauty
775_Sports,Sports
871_Electronics,Electronics
845_Sports,Sports
227_Beauty,Beauty
41_Electronics,Electronics
657_Sports,Sports
774_Electronics,Electronics
692_Electronics,Electronics
856_Electronics,Electronics
149_Beauty,Beauty
176_Beauty,Beauty
241_Sports,Sports
255_Electronics,Electronics
951_Beauty,Beauty
468_Sports,Sports
749_Kitchen,Kitchen
132_Beauty,Beauty
75_Electronics,Electronics
370_Sports,Sports
672_Beauty,Beauty
413_Electronics,Electronics
471_Kitchen,Kitchen
491_Sports,Sports
402_Beauty,Beauty
534_Kitchen,Kitchen
556_Beauty,Beauty
785_Beauty,Beauty
334_Electronics,Electronics
310_Electronics,Electronics
579_Kitchen,Kitchen
63_Sports,Sports
788_Kitchen,Kitchen
797_Kitchen,Kitchen
446_Beauty,Beauty
209_Sports,Sports
762_Electronics,Electronics
549_Kitchen,Kitchen
723_Electronics,Electronics
251_Sports,Sports
847_Sports,Sports
644_Electronics,Electronics
869_Electronics,Electronics
878_Beauty,Beauty
928_Electronics,Electronics
243_Electronics,Electronics
573_Sports,Sports
618_Electronics,Electronics
93_Kitchen,Kitchen
262_Kitchen,Kitchen
35_Beauty,Beauty
516_Sports,Sports
609_Electronics,Electronics
7_Beauty,Beauty
838_Kitchen,Kitchen
854_Sports,Sports
108_Electronics,Electronics
380_Beauty,Beauty
633_Electronics,Electronics
134_Beauty,Beauty
241_Beauty,Beauty
340_Kitchen,Kitchen
622_Kitchen,Kitchen
782_Beauty,Beauty
802_Beauty,Beauty
281_Sports,Sports
686_Sports,Sports
114_Beauty,Beauty
26_Sports,Sports
451_Electronics,Electronics
986_Beauty,Beauty
466_Kitchen,Kitchen
266_Sports,Sports
366_Beauty,Beauty
431_Sports,Sports
630_Electronics,Electronics
710_Electronics,Electronics
340_Electronics,Electronics
954_Kitchen,Kitchen
399_Beauty,Beauty
43_Kitchen,Kitchen
321_Beauty,Beauty
700_Electronics,Electronics
721_Sports,Sports
456_Sports,Sports
814_Kitchen,Kitchen
845_Kitchen,Kitchen
899_Kitchen,Kitchen
986_Electronics,Electronics
250_Beauty,Beauty
291_Beauty,Beauty
168_Kitchen,Kitchen
36_Sports,Sports
655_Beauty,Beauty
508_Beauty,Beauty
245_Kitchen,Kitchen
452_Beauty,Beauty
730_Beauty,Beauty
806_Sports,Sports
524_Sports,Sports
356_Electronics,Electronics
144_Beauty,Beauty
300_Kitchen,Kitchen
659_Beauty,Beauty
831_Beauty,Beauty
14_Sports,Sports
828_Sports,Sports
384_Sports,Sports
975_Kitchen,Kitchen
58_Kitchen,Kitchen
806_Beauty,Beauty
626_Sports,Sports
603_Sports,Sports
96_Kitchen,Kitchen
737_Kitchen,Kitchen
378_Sports,Sports
819_Electronics,Electronics
877_Beauty,Beauty
578_Beauty,Beauty
674_Beauty,Beauty
215_Kitchen,Kitchen
687_Electronics,Electronics
607_Sports,Sports
540_Electronics,Electronics
4_Beauty,Beauty
72_Beauty,Beauty
255_Kitchen,Kitchen
269_Sports,Sports
785_Kitchen,Kitchen
479_Electronics,Electronics
57_Sports,Sports
575_Beauty,Beauty
793_Kitchen,Kitchen
652_Sports,Sports
860_Beauty,Beauty
908_Kitchen,Kitchen
375_Beauty,Beauty
761_Electronics,Electronics
843_Kitchen,Kitchen
262_Sports,Sports
770_Sports,Sports
955_Kitchen,Kitchen
791_Beauty,Beauty
404_Kitchen,Kitchen
595_Sports,Sports
494_Kitchen,Kitchen
643_Beauty,Beauty
478_Kitchen,Kitchen
285_Kitchen,Kitchen
335_Beauty,Beauty
530_Beauty,Beauty
845_Beauty,Beauty
787_Sports,Sports
490_Electronics,Electronics
857_Electronics,Electronics
63_Beauty,Beauty
372_Electronics,Electronics
390_Beauty,Beauty
781_Kitchen,Kitchen
842_Beauty,Beauty
812_Sports,Sports
936_Electronics,Electronics
233_Sports,Sports
795_Beauty,Beauty
506_Sports,Sports
946_Electronics,Electronics
194_Electronics,Electronics
189_Beauty,Beauty
171_Sports,Sports
917_Sports,Sports
854_Beauty,Beauty
910_Sports,Sports
182_Beauty,Beauty
264_Beauty,Beauty
741_Kitchen,Kitchen
669_Electronics,Electronics
972_Kitchen,Kitchen
520_Electronics,Electronics
521_Sports,Sports
202_Sports,Sports
518_Beauty,Beauty
768_Electronics,Electronics
118_Electronics,Electronics
255_Beauty,Beauty
960_Sports,Sports
245_Sports,Sports
567_Beauty,Beauty
564_Kitchen,Kitchen
794_Beauty,Beauty
799_Kitchen,Kitchen
816_Sports,Sports
578_Sports,Sports
92_Beauty,Beauty
178_Beauty,Beauty
743_Electronics,Electronics
608_Electronics,Electronics
202_Kitchen,Kitchen
326_Kitchen,Kitchen
1000_Electronics,Electronics
887_Kitchen,Kitchen
658_Kitchen,Kitchen
210_Sports,Sports
216_Beauty,Beauty
366_Kitchen,Kitchen
393_Kitchen,Kitchen
998_Sports,Sports
15_Kitchen,Kitchen
116_Kitchen,Kitchen
154_Sports,Sports
16_Beauty,Beauty
204_Electronics,Electronics
274_Sports,Sports
389_Beauty,Beauty
615_Beauty,Beauty
249_Sports,Sports
848_Sports,Sports
958_Electronics,Electronics
21_Beauty,Beauty
18_Electronics,Electronics
671_Sports,Sports
355_Kitchen,Kitchen
404_Sports,Sports
821_Kitchen,Kitchen
969_Kitchen,Kitchen
454_Kitchen,Kitchen
651_Beauty,Beauty
405_Beauty,Beauty
984_Beauty,Beauty
963_Beauty,Beauty
313_Electronics,Electronics
649_Sports,Sports
588_Sports,Sports
564_Sports,Sports
153_Sports,Sports
513_Sports,Sports
725_Kitchen,Kitchen
626_Kitchen,Kitchen
227_Electronics,Electronics
250_Sports,Sports
467_Sports,Sports
438_Electronics,Electronics
544_Sports,Sports
32_Sports,Sports
682_Electronics,Electronics
257_Sports,Sports
767_Beauty,Beauty
306_Kitchen,Kitchen
859_Sports,Sports
977_Sports,Sports
19_Beauty,Beauty
969_Beauty,Beauty
389_Kitchen,Kitchen
508_Kitchen,Kitchen
97_Electronics,Electronics
25_Kitchen,Kitchen
395_Beauty,Beauty
396_Beauty,Beauty
17_Electronics,Electronics
707_Beauty,Beauty
27_Electronics,Electronics
853_Electronics,Electronics
554_Electronics,Electronics
743_Beauty,Beauty
897_Beauty,Beauty
889_Beauty,Beauty
679_Electronics,Electronics
174_Sports,Sports
575_Kitchen,Kitchen
738_Electronics,Electronics
890_Sports,Sports
185_Electronics,Electronics
731_Sports,Sports
327_Electronics,Electronics
633_Beauty,Beauty
881_Sports,Sports
287_Sports,Sports
22_Kitchen,Kitchen
677_Kitchen,Kitchen
420_Electronics,Electronics
174_Kitchen,Kitchen
522_Kitchen,Kitchen
697_Sports,Sports
455_Sports,Sports
326_Sports,Sports
337_Kitchen,Kitchen
783_Beauty,Beauty
53_Beauty,Beauty
601_Kitchen,Kitchen
60_Kitchen,Kitchen
306_Sports,Sports
254_Kitchen,Kitchen
82_Sports,Sports
20_Electronics,Electronics
647_Electronics,Electronics
815_Kitchen,Kitchen
893_Sports,Sports
515_Beauty,Beauty
762_Kitchen,Kitchen
433_Electronics,Electronics
385_Kitchen,Kitchen
193_Beauty,Beauty
779_Sports,Sports
908_Sports,Sports
770_Kitchen,Kitchen
913_Beauty,Beauty
836_Sports,Sports
948_Electronics,Electronics
954_Sports,Sports
439_Kitchen,Kitchen
713_Beauty,Beauty
428_Kitchen,Kitchen
719_Beauty,Beauty
758_Kitchen,Kitchen
967_Sports,Sports
219_Beauty,Beauty
380_Sports,Sports
135_Sports,Sports
497_Electronics,Electronics
777_Electronics,Electronics
261_Sports,Sports
30_Sports,Sports
198_Kitchen,Kitchen
294_Electronics,Electronics
344_Sports,Sports
132_Kitchen,Kitchen
818_Kitchen,Kitchen
240_Sports,Sports
315_Kitchen,Kitchen
323_Kitchen,Kitchen
664_Sports,Sports
819_Sports,Sports
816_Kitchen,Kitchen
128_Sports,Sports
156_Electronics,Electronics
297_Electronics,Electronics
455_Electronics,Electronics
508_Electronics,Electronics
55_Kitchen,Kitchen
467_Beauty,Beauty
409_Beauty,Beauty
475_Electronics,Electronics
500_Beauty,Beauty
50_Electronics,Electronics
843_Beauty,Beauty
137_Kitchen,Kitchen
269_Electronics,Electronics
64_Electronics,Electronics
653_Electronics,Electronics
588_Kitchen,Kitchen
826_Kitchen,Kitchen
145_Kitchen,Kitchen
188_Electronics,Electronics
984_Sports,Sports
536_Beauty,Beauty
335_Electronics,Electronics
514_Sports,Sports
629_Sports,Sports
635_Electronics,Electronics
236_Beauty,Beauty
559_Sports,Sports
240_Electronics,Electronics
742_Kitchen,Kitchen
79_Sports,Sports
859_Kitchen,Kitchen
503_Electronics,Electronics
260_Kitchen,Kitchen
852_Sports,Sports
189_Electronics,Electronics
35_Electronics,Electronics
831_Sports,Sports
833_Sports,Sports
21_Kitchen,Kitchen
504_Electronics,Electronics
516_Beauty,Beauty
225_Electronics,Electronics
133_Sports,Sports
505_Kitchen,Kitchen
994_Sports,Sports
681_Beauty,Beauty
648_Sports,Sports
720_Electronics,Electronics
921_Kitchen,Kitchen
605_Electronics,Electronics
646_Sports,Sports
932_Electronics,Electronics
978_Electronics,Electronics
625_Electronics,Electronics
269_Kitchen,Kitchen
735_Kitchen,Kitchen
295_Beauty,Beauty
872_Kitchen,Kitchen
217_Electronics,Electronics
302_Beauty,Beauty
481_Sports,Sports
356_Sports,Sports
493_Electronics,Electronics
527_Kitchen,Kitchen
894_Sports,Sports
185_Beauty,Beauty
486_Electronics,Electronics
773_Electronics,Electronics
805_Electronics,Electronics
134_Sports,Sports
694_Beauty,Beauty
765_Beauty,Beauty
970_Electronics,Electronics
577_Sports,Sports
580_Beauty,Beauty
100_Sports,Sports
443_Kitchen,Kitchen
880_Beauty,Beauty
869_Sports,Sports
470_Sports,Sports
543_Electronics,Electronics
652_Kitchen,Kitchen
875_Sports,Sports
357_Kitchen,Kitchen
789_Kitchen,Kitchen
119_Sports,Sports
23_Sports,Sports
299_Electronics,Electronics
456_Kitchen,Kitchen
565_Kitchen,Kitchen
671_Kitchen,Kitchen
170_Sports,Sports
12_Kitchen,Kitchen
279_Beauty,Beauty
6_Sports,Sports
732_Sports,Sports
800_Kitchen,Kitchen
925_Beauty,Beauty
52_Sports,Sports
586_Sports,Sports
827_Sports,Sports
162_Kitchen,Kitchen
224_Electronics,Electronics
680_Kitchen,Kitchen
253_Kitchen,Kitchen
742_Electronics,Electronics
811_Sports,Sports
221_Sports,Sports
558_Sports,Sports
567_Sports,Sports
72_Electronics,Electronics
99_Beauty,Beauty
271_Electronics,Electronics
672_Kitchen,Kitchen
50_Sports,Sports
41_Sports,Sports
440_Sports,Sports
308_Electronics,Electronics
702_Electronics,Electronics
935_Kitchen,Kitchen
387_Beauty,Beauty
167_Electronics,Electronics
929_Kitchen,Kitchen
102_Kitchen,Kitchen
977_Electronics,Electronics
199_Kitchen,Kitchen
429_Sports,Sports
752_Electronics,Electronics
677_Beauty,Beauty
148_Electronics,Electronics
186_Electronics,Electronics
934_Kitchen,Kitchen
58_Sports,Sports
989_Sports,Sports
391_Beauty,Beauty
614_Sports,Sports
82_Electronics,Electronics
973_Kitchen,Kitchen
771_Sports,Sports
353_Beauty,Beauty
783_Electronics,Electronics
65_Beauty,Beauty
953_Electronics,Electronics
125_Sports,Sports
8_Electronics,Electronics
28_Sports,Sports
950_Kitchen,Kitchen
251_Kitchen,Kitchen
314_Kitchen,Kitchen
287_Electronics,Electronics
209_Beauty,Beauty
155_Beauty,Beauty
218_Sports,Sports
24_Electronics,Electronics
34_Kitchen,Kitchen
520_Sports,Sports
669_Sports,Sports
23_Electronics,Electronics
703_Electronics,Electronics
177_Kitchen,Kitchen
598_Kitchen,Kitchen
684_Electronics,Electronics
877_Kitchen,Kitchen
994_Kitchen,Kitchen
730_Sports,Sports
500_Electronics,Electronics
555_Beauty,Beauty
972_Beauty,Beauty
464_Kitchen,Kitchen
76_Kitchen,Kitchen
515_Electronics,Electronics
915_Kitchen,Kitchen
701_Sports,Sports
203_Electronics,Electronics
172_Beauty,Beauty
646_Kitchen,Kitchen
739_Electronics,Electronics
862_Kitchen,Kitchen
756_Sports,Sports
144_Electronics,Electronics
26_Kitchen,Kitchen
272_Sports,Sports
734_Beauty,Beauty
602_Beauty,Beauty
6_Beauty,Beauty
114_Kitchen,Kitchen
318_Kitchen,Kitchen
563_Sports,Sports
431_Kitchen,Kitchen
935_Beauty,Beauty
47_Electronics,Electronics
944_Beauty,Beauty
926_Sports,Sports
328_Kitchen,Kitchen
245_Electronics,Electronics
646_Electronics,Electronics
560_Electronics,Electronics
180_Electronics,Electronics
893_Beauty,Beauty
317_Sports,Sports
786_Electronics,Electronics
559_Kitchen,Kitchen
382_Kitchen,Kitchen
465_Kitchen,Kitchen
570_Beauty,Beauty
740_Kitchen,Kitchen
444_Sports,Sports
517_Sports,Sports
373_Electronics,Electronics
67_Beauty,Beauty
635_Kitchen,Kitchen
93_Beauty,Beauty
659_Kitchen,Kitchen
413_Kitchen,Kitchen
142_Sports,Sports
234_Electronics,Electronics
991_Sports,Sports
518_Electronics,Electronics
526_Electronics,Electronics
402_Kitchen,Kitchen
699_Sports,Sports
288_Kitchen,Kitchen
880_Electronics,Electronics
549_Beauty,Beauty
972_Electronics,Electronics
29_Sports,Sports
809_Sports,Sports
753_Beauty,Beauty
523_Kitchen,Kitchen
547_Beauty,Beauty
866_Electronics,Electronics
689_Beauty,Beauty
426_Sports,Sports
225_Sports,Sports
261_Kitchen,Kitchen
980_Kitchen,Kitchen
322_Beauty,Beauty
59_Kitchen,Kitchen
33_Beauty,Beauty
867_Electronics,Electronics
839_Beauty,Beauty
332_Kitchen,Kitchen
280_Electronics,Electronics
282_Beauty,Beauty
301_Kitchen,Kitchen
389_Sports,Sports
604_Beauty,Beauty
664_Beauty,Beauty
140_Electronics,Electronics
541_Kitchen,Kitchen
77_Electronics,Electronics
138_Beauty,Beauty
15_Sports,Sports
186_Sports,Sports
381_Beauty,Beauty
798_Sports,Sports
298_Beauty,Beauty
94_Beauty,Beauty
784_Electronics,Electronics
353_Electronics,Electronics
98_Beauty,Beauty
389_Electronics,Electronics
197_Electronics,Electronics
590_Electronics,Electronics
322_Electronics,Electronics
520_Kitchen,Kitchen
73_Kitchen,Kitchen
91_Electronics,Electronics
267_Electronics,Electronics
791_Kitchen,Kitchen
342_Electronics,Electronics
605_Kitchen,Kitchen
788_Beauty,Beauty
569_Electronics,Electronics
81_Beauty,Beauty
630_Kitchen,Kitchen
338_Kitchen,Kitchen
408_Beauty,Beauty
636_Kitchen,Kitchen
644_Kitchen,Kitchen
29_Beauty,Beauty
932_Sports,Sports
461_Sports,Sports
85_Sports,Sports
282_Sports,Sports
138_Electronics,Electronics
645_Electronics,Electronics
223_Kitchen,Kitchen
247_Electronics,Electronics
38_Beauty,Beauty
685_Sports,Sports
747_Kitchen,Kitchen
658_Beauty,Beauty
6_Kitchen,Kitchen
824_Electronics,Electronics
968_Kitchen,Kitchen
560_Sports,Sports
732_Beauty,Beauty
951_Electronics,Electronics
390_Sports,Sports
704_Beauty,Beauty
709_Beauty,Beauty
782_Sports,Sports
710_Kitchen,Kitchen
424_Sports,Sports
207_Electronics,Electronics
331_Beauty,Beauty
534_Sports,Sports
392_Electronics,Electronics
463_Kitchen,Kitchen
60_Beauty,Beauty
369_Beauty,Beauty
891_Electronics,Electronics
902_Electronics,Electronics
916_Electronics,Electronics
381_Electronics,Electronics
777_Sports,Sports
780_Sports,Sports
415_Kitchen,Kitchen
214_Beauty,Beauty
151_Beauty,Beauty
806_Electronics,Electronics
8_Beauty,Beauty
312_Kitchen,Kitchen
936_Kitchen,Kitchen
840_Kitchen,Kitchen
160_Electronics,Electronics
858_Beauty,Beauty
632_Kitchen,Kitchen
582_Beauty,Beauty
121_Sports,Sports
919_Sports,Sports
436_Sports,Sports
111_Sports,Sports
121_Electronics,Electronics
305_Beauty,Beauty
893_Kitchen,Kitchen
937_Sports,Sports
152_Kitchen,Kitchen
108_Sports,Sports
270_Sports,Sports
513_Beauty,Beauty
855_Sports,Sports
757_Kitchen,Kitchen
712_Beauty,Beauty
358_Sports,Sports
237_Electronics,Electronics
17_Beauty,Beauty
805_Beauty,Beauty
151_Electronics,Electronics
214_Electronics,Electronics
437_Beauty,Beauty
538_Electronics,Electronics
122_Kitchen,Kitchen
245_Beauty,Beauty
834_Electronics,Electronics
288_Electronics,Electronics
377_Kitchen,Kitchen
20_Sports,Sports
301_Electronics,Electronics
87_Beauty,Beauty
16_Electronics,Electronics
708_Electronics,Electronics
886_Beauty,Beauty
173_Beauty,Beauty
274_Kitchen,Kitchen
558_Kitchen,Kitchen
550_Kitchen,Kitchen
154_Kitchen,Kitchen
248_Kitchen,Kitchen
385_Electronics,Electronics
479_Kitchen,Kitchen
815_Sports,Sports
349_Beauty,Beauty
485_Sports,Sports
294_Sports,Sports
897_Sports,Sports
571_Sports,Sports
204_Kitchen,Kitchen
725_Electronics,Electronics
544_Electronics,Electronics
410_Electronics,Electronics
790_Sports,Sports
354_Kitchen,Kitchen
313_Beauty,Beauty
877_Sports,Sports
199_Electronics,Electronics
884_Kitchen,Kitchen
494_Beauty,Beauty
591_Kitchen,Kitchen
512_Electronics,Electronics
610_Kitchen,Kitchen
129_Beauty,Beauty
104_Electronics,Electronics
754_Electronics,Electronics
181_Kitchen,Kitchen
19_Sports,Sports
557_Kitchen,Kitchen
644_Beauty,Beauty
856_Kitchen,Kitchen
250_Kitchen,Kitchen
623_Sports,Sports
15_Electronics,Electronics
489_Sports,Sports
661_Beauty,Beauty
667_Electronics,Electronics
296_Kitchen,Kitchen
823_Electronics,Electronics
422_Sports,Sports
236_Kitchen,Kitchen
653_Sports,Sports
195_Kitchen,Kitchen
427_Kitchen,Kitchen
120_Electronics,Electronics
207_Sports,Sports
117_Sports,Sports
140_Sports,Sports
289_Electronics,Electronics
471_Electronics,Electronics
226_Sports,Sports
562_Kitchen,Kitchen
606_Beauty,Beauty
223_Beauty,Beauty
201_Electronics,Electronics
57_Kitchen,Kitchen
621_Sports,Sports
411_Beauty,Beauty
787_Electronics,Electronics
972_Sports,Sports
117_Electronics,Electronics
462_Sports,Sports
580_Kitchen,Kitchen
962_Sports,Sports
884_Beauty,Beauty
168_Sports,Sports
382_Electronics,Electronics
573_Kitchen,Kitchen
933_Electronics,Electronics
149_Electronics,Electronics
949_Kitchen,Kitchen
440_Electronics,Electronics
513_Electronics,Electronics
741_Sports,Sports
870_Sports,Sports
278_Electronics,Electronics
939_Kitchen,Kitchen
656_Beauty,Beauty
308_Beauty,Beauty
78_Kitchen,Kitchen
164_Kitchen,Kitchen
265_Electronics,Electronics
802_Electronics,Electronics
812_Beauty,Beauty
874_Sports,Sports
328_Beauty,Beauty
981_Beauty,Beauty
979_Beauty,Beauty
391_Electronics,Electronics
235_Sports,Sports
477_Sports,Sports
55_Sports,Sports
736_Kitchen,Kitchen
364_Kitchen,Kitchen
46_Sports,Sports
722_Electronics,Electronics
475_Kitchen,Kitchen
587_Beauty,Beauty
784_Kitchen,Kitchen
883_Kitchen,Kitchen
96_Electronics,Electronics
607_Electronics,Electronics
647_Kitchen,Kitchen
570_Electronics,Electronics
988_Kitchen,Kitchen
991_Electronics,Electronics
225_Beauty,Beauty
315_Beauty,Beauty
734_Sports,Sports
930_Sports,Sports
158_Electronics,Electronics
808_Kitchen,Kitchen
160_Sports,Sports
503_Kitchen,Kitchen
664_Kitchen,Kitchen
203_Kitchen,Kitchen
89_Beauty,Beauty
56_Kitchen,Kitchen
62_Electronics,Electronics
66_Electronics,Electronics
713_Sports,Sports
745_Electronics,Electronics
862_Electronics,Electronics
613_Electronics,Electronics
66_Kitchen,Kitchen
84_Sports,Sports
907_Beauty,Beauty
288_Sports,Sports
347_Electronics,Electronics
839_Kitchen,Kitchen
881_Beauty,Beauty
146_Electronics,Electronics
175_Electronics,Electronics
878_Kitchen,Kitchen
994_Beauty,Beauty
297_Beauty,Beauty
117_Beauty,Beauty
437_Kitchen,Kitchen
331_Kitchen,Kitchen
572_Sports,Sports
343_Electronics,Electronics
635_Beauty,Beauty
999_Electronics,Electronics
297_Sports,Sports
370_Electronics,Electronics
202_Beauty,Beauty
26_Electronics,Electronics
558_Beauty,Beauty
600_Electronics,Electronics
835_Sports,Sports
778_Electronics,Electronics
429_Kitchen,Kitchen
186_Beauty,Beauty
407_Sports,Sports
246_Electronics,Electronics
161_Sports,Sports
989_Beauty,Beauty
464_Sports,Sports
879_Sports,Sports
585_Electronics,Electronics
741_Electronics,Electronics
525_Kitchen,Kitchen
39_Beauty,Beauty
194_Beauty,Beauty
301_Beauty,Beauty
296_Sports,Sports
928_Beauty,Beauty
672_Sports,Sports
163_Kitchen,Kitchen
235_Kitchen,Kitchen
143_Electronics,Electronics
919_Electronics,Electronics
608_Sports,Sports
406_Sports,Sports
620_Beauty,Beauty
336_Beauty,Beauty
503_Sports,Sports
528_Electronics,Electronics
987_Electronics,Electronics
56_Sports,Sports
838_Beauty,Beauty
504_Sports,Sports
424_Electronics,Electronics
568_Sports,Sports
312_Sports,Sports
942_Beauty,Beauty
260_Sports,Sports
634_Kitchen,Kitchen
196_Beauty,Beauty
31_Beauty,Beauty
706_Kitchen,Kitchen
895_Sports,Sports
290_Kitchen,Kitchen
0_Beauty,Beauty
609_Kitchen,Kitchen
610_Electronics,Electronics
796_Beauty,Beauty
408_Sports,Sports
759_Kitchen,Kitchen
752_Kitchen,Kitchen
585_Beauty,Beauty
153_Kitchen,Kitchen
834_Kitchen,Kitchen
182_Kitchen,Kitchen
95_Sports,Sports
133_Kitchen,Kitchen
311_Beauty,Beauty
813_Beauty,Beauty
764_Beauty,Beauty
939_Sports,Sports
259_Kitchen,Kitchen
969_Sports,Sports
867_Beauty,Beauty
591_Electronics,Electronics
947_Sports,Sports
722_Kitchen,Kitchen
560_Kitchen,Kitchen
564_Electronics,Electronics
982_Kitchen,Kitchen
171_Beauty,Beauty
548_Beauty,Beauty
584_Electronics,Electronics
130_Beauty,Beauty
249_Electronics,Electronics
437_Electronics,Electronics
52_Kitchen,Kitchen
736_Sports,Sports
192_Sports,Sports
767_Electronics,Electronics
484_Beauty,Beauty
924_Electronics,Electronics
475_Sports,Sports
114_Electronics,Electronics
330_Sports,Sports
667_Sports,Sports
829_Electronics,Electronics
99_Sports,Sports
9_Electronics,Electronics
38_Electronics,Electronics
799_Beauty,Beauty
909_Electronics,Electronics
886_Kitchen,Kitchen
329_Kitchen,Kitchen
420_Sports,Sports
704_Sports,Sports
720_Kitchen,Kitchen
332_Beauty,Beauty
622_Sports,Sports
998_Kitchen,Kitchen
468_Kitchen,Kitchen
822_Electronics,Electronics
666_Kitchen,Kitchen
849_Kitchen,Kitchen
256_Electronics,Electronics
426_Kitchen,Kitchen
709_Electronics,Electronics
774_Sports,Sports
640_Electronics,Electronics
410_Sports,Sports
441_Sports,Sports
537_Kitchen,Kitchen
322_Kitchen,Kitchen
58_Electronics,Electronics
716_Electronics,Electronics
507_Sports,Sports
552_Beauty,Beauty
417_Beauty,Beauty
839_Sports,Sports
539_Sports,Sports
840_Beauty,Beauty
528_Sports,Sports
799_Sports,Sports
40_Kitchen,Kitchen
943_Kitchen,Kitchen
978_Kitchen,Kitchen
542_Kitchen,Kitchen
542_Electronics,Electronics
219_Electronics,Electronics
648_Kitchen,Kitchen
491_Electronics,Electronics
196_Kitchen,Kitchen
172_Electronics,Electronics
469_Electronics,Electronics
349_Electronics,Electronics
597_Beauty,Beauty
758_Beauty,Beauty
59_Electronics,Electronics
447_Electronics,Electronics
898_Electronics,Electronics
545_Beauty,Beauty
901_Sports,Sports
184_Kitchen,Kitchen
897_Kitchen,Kitchen
161_Beauty,Beauty
2_Sports,Sports
182_Sports,Sports
154_Electronics,Electronics
173_Electronics,Electronics
613_Kitchen,Kitchen
506_Kitchen,Kitchen
299_Beauty,Beauty
658_Electronics,Electronics
811_Kitchen,Kitchen
891_Kitchen,Kitchen
24_Sports,Sports
61_Sports,Sports
642_Beauty,Beauty
750_Beauty,Beauty
440_Beauty,Beauty
707_Kitchen,Kitchen
691_Beauty,Beauty
101_Kitchen,Kitchen
825_Sports,Sports
394_Electronics,Electronics
868_Beauty,Beauty
434_Electronics,Electronics
697_Kitchen,Kitchen
998_Electronics,Electronics
283_Sports,Sports
317_Electronics,Electronics
518_Sports,Sports
802_Sports,Sports
576_Electronics,Electronics
668_Sports,Sports
94_Electronics,Electronics
228_Electronics,Electronics
137_Beauty,Beauty
767_Sports,Sports
310_Beauty,Beauty
875_Kitchen,Kitchen
785_Electronics,Electronics
2_Beauty,Beauty
668_Electronics,Electronics
179_Sports,Sports
47_Sports,Sports
870_Kitchen,Kitchen
915_Beauty,Beauty
433_Beauty,Beauty
586_Electronics,Electronics
684_Beauty,Beauty
391_Kitchen,Kitchen
703_Beauty,Beauty
530_Kitchen,Kitchen
987_Beauty,Beauty
54_Kitchen,Kitchen
746_Electronics,Electronics
314_Beauty,Beauty
750_Electronics,Electronics
989_Electronics,Electronics
922_Sports,Sports
277_Sports,Sports
703_Kitchen,Kitchen
173_Kitchen,Kitchen
152_Sports,Sports
390_Kitchen,Kitchen
714_Beauty,Beauty
621_Beauty,Beauty
580_Electronics,Electronics
285_Sports,Sports
436_Beauty,Beauty
613_Sports,Sports
281_Beauty,Beauty
408_Electronics,Electronics
900_Kitchen,Kitchen
507_Beauty,Beauty
729_Electronics,Electronics
928_Kitchen,Kitchen
696_Beauty,Beauty
773_Sports,Sports
64_Kitchen,Kitchen
960_Kitchen,Kitchen
531_Sports,Sports
644_Sports,Sports
199_Sports,Sports
462_Beauty,Beauty
895_Kitchen,Kitchen
561_Sports,Sports
714_Electronics,Electronics
517_Kitchen,Kitchen
795_Kitchen,Kitchen
332_Electronics,Electronics
243_Kitchen,Kitchen
457_Beauty,Beauty
315_Electronics,Electronics
724_Beauty,Beauty
921_Sports,Sports
882_Beauty,Beauty
985_Electronics,Electronics
200_Electronics,Electronics
284_Beauty,Beauty
265_Beauty,Beauty
305_Electronics,Electronics
42_Beauty,Beauty
495_Sports,Sports
657_Beauty,Beauty
84_Beauty,Beauty
957_Beauty,Beauty
593_Sports,Sports
774_Kitchen,Kitchen
943_Sports,Sports
456_Beauty,Beauty
41_Kitchen,Kitchen
445_Kitchen,Kitchen
956_Electronics,Electronics
142_Electronics,Electronics
937_Beauty,Beauty
221_Beauty,Beauty
342_Sports,Sports
551_Beauty,Beauty
6_Electronics,Electronics
545_Sports,Sports
187_Electronics,Electronics
198_Sports,Sports
438_Beauty,Beauty
442_Sports,Sports
628_Beauty,Beauty
201_Beauty,Beauty
11_Beauty,Beauty
353_Sports,Sports
326_Electronics,Electronics
181_Electronics,Electronics
54_Electronics,Electronics
911_Electronics,Electronics
619_Electronics,Electronics
864_Kitchen,Kitchen
941_Sports,Sports
124_Beauty,Beauty
657_Kitchen,Kitchen
252_Sports,Sports
284_Electronics,Electronics
902_Beauty,Beauty
868_Electronics,Electronics
603_Electronics,Electronics
144_Kitchen,Kitchen
832_Electronics,Electronics
974_Sports,Sports
746_Beauty,Beauty
684_Kitchen,Kitchen
539_Beauty,Beauty
229_Beauty,Beauty
673_Electronics,Electronics
165_Kitchen,Kitchen
287_Beauty,Beauty
169_Kitchen,Kitchen
918_Electronics,Electronics
186_Kitchen,Kitchen
296_Beauty,Beauty
471_Beauty,Beauty
676_Electronics,Electronics
945_Electronics,Electronics
205_Electronics,Electronics
217_Beauty,Beauty
715_Sports,Sports
190_Kitchen,Kitchen
323_Sports,Sports
0_Sports,Sports
375_Kitchen,Kitchen
970_Sports,Sports
18_Sports,Sports
341_Beauty,Beauty
320_Electronics,Electronics
914_Sports,Sports
46_Beauty,Beauty
936_Beauty,Beauty
230_Sports,Sports
715_Electronics,Electronics
384_Kitchen,Kitchen
406_Beauty,Beauty
58_Beauty,Beauty
912_Kitchen,Kitchen
755_Kitchen,Kitchen
773_Kitchen,Kitchen
657_Electronics,Electronics
518_Kitchen,Kitchen
988_Electronics,Electronics
371_Beauty,Beauty
965_Electronics,Electronics
708_Kitchen,Kitchen
903_Beauty,Beauty
33_Sports,Sports
661_Sports,Sports
909_Sports,Sports
634_Electronics,Electronics
969_Electronics,Electronics
663_Beauty,Beauty
762_Beauty,Beauty
399_Kitchen,Kitchen
953_Beauty,Beauty
411_Kitchen,Kitchen
432_Electronics,Electronics
808_Sports,Sports
484_Sports,Sports
272_Electronics,Electronics
357_Beauty,Beauty
646_Beauty,Beauty
512_Sports,Sports
801_Electronics,Electronics
740_Sports,Sports
958_Sports,Sports
851_Beauty,Beauty
0_Electronics,Electronics
363_Beauty,Beauty
842_Electronics,Electronics
555_Kitchen,Kitchen
340_Beauty,Beauty
927_Sports,Sports
971_Kitchen,Kitchen
477_Electronics,Electronics
855_Beauty,Beauty
222_Beauty,Beauty
241_Kitchen,Kitchen
732_Kitchen,Kitchen
887_Beauty,Beauty
638_Beauty,Beauty
324_Sports,Sports
584_Beauty,Beauty
203_Sports,Sports
813_Sports,Sports
87_Sports,Sports
763_Sports,Sports
53_Electronics,Electronics
485_Beauty,Beauty
710_Beauty,Beauty
249_Beauty,Beauty
178_Kitchen,Kitchen
480_Sports,Sports
741_Beauty,Beauty
307_Sports,Sports
596_Sports,Sports
17_Sports,Sports
749_Beauty,Beauty
820_Kitchen,Kitchen
158_Beauty,Beauty
274_Electronics,Electronics
295_Electronics,Electronics
572_Electronics,Electronics
543_Beauty,Beauty
443_Electronics,Electronics
734_Electronics,Electronics
938_Beauty,Beauty
361_Kitchen,Kitchen
701_Electronics,Electronics
339_Sports,Sports
387_Electronics,Electronics
99_Kitchen,Kitchen
495_Kitchen,Kitchen
460_Electronics,Electronics
221_Electronics,Electronics
700_Beauty,Beauty
24_Kitchen,Kitchen
48_Beauty,Beauty
469_Beauty,Beauty
197_Sports,Sports
115_Electronics,Electronics
614_Electronics,Electronics
912_Sports,Sports
771_Electronics,Electronics
791_Electronics,Electronics
167_Kitchen,Kitchen
417_Electronics,Electronics
871_Kitchen,Kitchen
936_Sports,Sports
162_Sports,Sports
958_Kitchen,Kitchen
85_Beauty,Beauty
995_Sports,Sports
651_Kitchen,Kitchen
779_Beauty,Beauty
330_Beauty,Beauty
35_Sports,Sports
407_Electronics,Electronics
543_Kitchen,Kitchen
879_Kitchen,Kitchen
347_Kitchen,Kitchen
569_Beauty,Beauty
645_Beauty,Beauty
341_Electronics,Electronics
430_Sports,Sports
845_Electronics,Electronics
316_Electronics,Electronics
168_Electronics,Electronics
415_Beauty,Beauty
582_Sports,Sports
861_Electronics,Electronics
407_Beauty,Beauty
119_Kitchen,Kitchen
816_Beauty,Beauty
13_Beauty,Beauty
744_Beauty,Beauty
53_Sports,Sports
681_Electronics,Electronics
9_Sports,Sports
953_Sports,Sports
19_Electronics,Electronics
535_Electronics,Electronics
570_Kitchen,Kitchen
126_Sports,Sports
489_Beauty,Beauty
654_Beauty,Beauty
206_Beauty,Beauty
721_Beauty,Beauty
550_Beauty,Beauty
861_Sports,Sports
1000_Beauty,Beauty
384_Electronics,Electronics
